timezone,videoId,channelId,channelTitle,title,commentCount,viewCount,likeCount,dislikeCount,date,cln_title
2021-11-06T18:40:12Z,iEte0-sMB1g,UCvzGlP9oQwU--Y0r9id_jnA,Subaru Ch. 大空スバル,【#５】シリーズ初見！！！龍が如く極するしゅばああああああああああああ！！！！！！：YAKUZA KIWAMI【※ネタバレあり】,0,45618,5160,40,2021-11-06,【 # 5 】 シリーズ 初 見 !!! 龍 が 如く 極 する し ゅばああああああああああああ !!!!!!: YAKUZA   KIWAMI 【 ※ ネタ バレ あり 】
2021-11-06T13:07:29Z,EaqSdZEje8A,UCvzGlP9oQwU--Y0r9id_jnA,Subaru Ch. 大空スバル,【本番】白Aチーム！！！いくぞおおおおおおおおおお！！！！！【#ホロライブ大運動会2021】,159,685981,25955,100,2021-11-06,【 本番 】 白 A チーム !!! いく ぞ おお おお おお おお おお !!!!!【# ホロライブ 大 運動会 2021 】
2021-11-05T13:20:00Z,yGPHk99eAtI,UCvzGlP9oQwU--Y0r9id_jnA,Subaru Ch. 大空スバル,【#生スバル】みんなでゆる練習するしゅばあああああああああ！！！！！！/MINE CFAFT【ホロライブ/大空スバル】,51,188744,10607,42,2021-11-05,【 # 生 スバル 】 みんな で ゆる 練習 する し ゅばあああああああああ !!!!!!/ MINE   CFAFT 【 ホロライブ / 大空 スバル 】
2021-11-03T13:55:40Z,rlpDf4q_zNY,UCvzGlP9oQwU--Y0r9id_jnA,Subaru Ch. 大空スバル,【#生スバル】みんなでゆる練習するしゅばあああああああああ！！！！！！/MINE CFAFT【ホロライブ/大空スバル】,97,324356,13326,38,2021-11-03,【 # 生 スバル 】 みんな で ゆる 練習 する し ゅばあああああああああ !!!!!!/ MINE   CFAFT 【 ホロライブ / 大空 スバル 】
2021-11-02T16:54:55Z,seJ0RcOWbOw,UCvzGlP9oQwU--Y0r9id_jnA,Subaru Ch. 大空スバル,【#６】最終回間近！？カスタムロボV2やるしゅばああああああああああああああ/CUSTOM ROBO V2【ホロライブ/大空スバル】,57,145653,7710,51,2021-11-02,【 # 6 】 最終 回 間近 !? カスタムロボ V 2 やる し ゅばああああああああああああああ / CUSTOM   ROBO   V 2 【 ホロライブ / 大空 スバル 】
2021-11-02T12:27:52Z,mrG9WZGGS8Y,UCvzGlP9oQwU--Y0r9id_jnA,Subaru Ch. 大空スバル,【#生スバル】ホロライブ運動会！いくぞ白Aチーム！！！ぷち練習会！：MINECRAFT【ホロライブ/大空スバル】,50,148170,9422,37,2021-11-02,【 # 生 スバル 】 ホロライブ 運動会 ! いく ぞ 白 A チーム !!! ぷち 練習 会 !: MINECRAFT 【 ホロライブ / 大空 スバル 】
2021-10-31T11:35:24Z,3wjfIrofYOU,UCvzGlP9oQwU--Y0r9id_jnA,Subaru Ch. 大空スバル,【#４】シリーズ初見！！！龍が如く極するしゅばああああああああああああ！！！！！！：YAKUZA KIWAMI【※ネタバレあり】,80,299835,11441,120,2021-10-31,【 # 4 】 シリーズ 初 見 !!! 龍 が 如く 極 する し ゅばああああああああああああ !!!!!!: YAKUZA   KIWAMI 【 ※ ネタ バレ あり 】
2021-10-30T10:22:02Z,4iAiwgEcTmg,UCvzGlP9oQwU--Y0r9id_jnA,Subaru Ch. 大空スバル,【#３】シリーズ初見！！！龍が如く極するしゅばああああああああああああ！！！！！！：YAKUZA KIWAMI【※ネタバレあり】,82,254269,10842,67,2021-10-30,【 # 3 】 シリーズ 初 見 !!! 龍 が 如く 極 する し ゅばああああああああああああ !!!!!!: YAKUZA   KIWAMI 【 ※ ネタ バレ あり 】
2021-10-30T02:12:55Z,tIh3jv3GMuQ,UCvzGlP9oQwU--Y0r9id_jnA,Subaru Ch. 大空スバル,【#生スバル】おはすば/free talk【ホロライブ/大空スバル】,114,178698,12332,47,2021-10-30,【 # 生 スバル 】 お はす ば / free   talk 【 ホロライブ / 大空 スバル 】
2021-10-28T12:35:35Z,g05bmY0mkG4,UCvzGlP9oQwU--Y0r9id_jnA,Subaru Ch. 大空スバル,【#生スバル】マイクラするしゅばあああああああああああああああああああ！！！！！：MINECRAFT【ホロライブ/大空スバル】,83,224117,12101,78,2021-10-28,【 # 生 スバル 】 マイクラ する し ゅばあああああああああああああああああああ !!!!!: MINECRAFT 【 ホロライブ / 大空 スバル 】
2021-10-26T16:25:00Z,YSowdwODds4,UCvzGlP9oQwU--Y0r9id_jnA,Subaru Ch. 大空スバル,【#生スバル】マーベルのド新作ゲームプレイするしゅばあああああああああああ！！！！！！！：Marvel’s Guardians of the Galaxy game 【ホロライブ/大空スバル】,91,278499,15332,79,2021-10-26,【 # 生 スバル 】 マーベル の ド 新作 ゲームプレイ する し ゅばあああああああああああ !!!!!!!: Marvel ' s   Guardians   of   the   Galaxy   game 【 ホロライブ / 大空 スバル 】
2021-10-24T08:21:34Z,yRBQUCG-ZX8,UCvzGlP9oQwU--Y0r9id_jnA,Subaru Ch. 大空スバル,【#２】シリーズ初見！！！龍が如く極するしゅばああああああああああああ！！！！！！：YAKUZA KIWAMI【※ネタバレあり】,132,318556,11430,107,2021-10-24,【 # 2 】 シリーズ 初 見 !!! 龍 が 如く 極 する し ゅばああああああああああああ !!!!!!: YAKUZA   KIWAMI 【 ※ ネタ バレ あり 】
2021-10-23T11:03:12Z,hVqKC-KAVMQ,UCvzGlP9oQwU--Y0r9id_jnA,Subaru Ch. 大空スバル,【#生スバル】シリーズ初見！！！龍が如く極するしゅばああああああああああああ！！！！！！：YAKUZA KIWAMI【※ネタバレあり】,78,254256,12266,90,2021-10-23,【 # 生 スバル 】 シリーズ 初 見 !!! 龍 が 如く 極 する し ゅばああああああああああああ !!!!!!: YAKUZA   KIWAMI 【 ※ ネタ バレ あり 】
2021-10-23T02:17:23Z,mIVZ2RbcMLY,UCvzGlP9oQwU--Y0r9id_jnA,Subaru Ch. 大空スバル,【#生スバル】おはすば/free talk【ホロライブ/大空スバル】,82,161747,10949,41,2021-10-23,【 # 生 スバル 】 お はす ば / free   talk 【 ホロライブ / 大空 スバル 】
2021-10-22T13:12:04Z,_Sn1iVjaN5c,UCvzGlP9oQwU--Y0r9id_jnA,Subaru Ch. 大空スバル,【ご褒美】ポケモンセンターで爆買いしてきたしゅばああああああああああああああ！！！！/Open pokemon goods【ホロライブ/大空スバル】,89,216294,11421,63,2021-10-22,【 ご 褒美 】 ポケモンセンター で 爆買 い し て き た し ゅばああああああああああああああ !!!!/ Open   pokemon   goods 【 ホロライブ / 大空 スバル 】
2021-10-21T14:39:24Z,1sp9H3t8-Os,UCvzGlP9oQwU--Y0r9id_jnA,Subaru Ch. 大空スバル,【#５】カスタムロボV2やるしゅばああああああああああああああ/CUSTOM ROBO V2【ホロライブ/大空スバル】,70,190883,8121,58,2021-10-21,【 # 5 】 カスタムロボ V 2 やる し ゅばああああああああああああああ / CUSTOM   ROBO   V 2 【 ホロライブ / 大空 スバル 】
2021-10-20T15:44:45Z,oobz3zom2s8,UCvzGlP9oQwU--Y0r9id_jnA,Subaru Ch. 大空スバル,【#生スバル】おはようございます！！！！！マイクラするしゅばあああああああ！！！！！：MINECRAFT【ホロライブ/大空スバル】,84,386911,17444,115,2021-10-20,【 # 生 スバル 】 おはよう ござい ます !!!!! マイクラ する し ゅばあああああああ !!!!!: MINECRAFT 【 ホロライブ / 大空 スバル 】
2021-10-18T12:05:59Z,FFDWylrdAIo,UCvzGlP9oQwU--Y0r9id_jnA,Subaru Ch. 大空スバル,【#カプとれ】地元最強のクレーン捌きをみるしゅばああああああああああ！！！！/crane game【ホロライブ/大空スバル】,78,168518,10452,64,2021-10-18,【 # カプ とれ 】 地元 最強 の クレーン 捌き を みる し ゅばああああああああああ !!!!/ crane   game 【 ホロライブ / 大空 スバル 】
2021-10-17T09:54:49Z,VHJiG3a-UFA,UCvzGlP9oQwU--Y0r9id_jnA,Subaru Ch. 大空スバル,【#４】カスタムロボV2やるしゅばああああああああああああああ/CUSTOM ROBO V2【ホロライブ/大空スバル】,75,216178,9346,66,2021-10-17,【 # 4 】 カスタムロボ V 2 やる し ゅばああああああああああああああ / CUSTOM   ROBO   V 2 【 ホロライブ / 大空 スバル 】
2021-10-16T04:21:29Z,8wUiBGD5rqE,UCvzGlP9oQwU--Y0r9id_jnA,Subaru Ch. 大空スバル,【#生スバル】おはすば/free talk【ホロライブ/大空スバル】,73,228590,11981,58,2021-10-16,【 # 生 スバル 】 お はす ば / free   talk 【 ホロライブ / 大空 スバル 】
2021-10-14T13:29:31Z,p9gcnFmaPrQ,UCvzGlP9oQwU--Y0r9id_jnA,Subaru Ch. 大空スバル,【視聴者参加】方言マリオカート1時間以内に1位目指すしゅばああああああああああああああああああああ！！！！！：Mario Cart【】,142,250298,13547,72,2021-10-14,【 視聴 者 参加 】 方言 マリオ カート 1 時間 以内 に 1 位 目指す し ゅばああああああああああああああああああああ !!!!!: Mario   Cart 【 】
2021-10-12T12:05:53Z,EGgV3ZxzY48,UCvzGlP9oQwU--Y0r9id_jnA,Subaru Ch. 大空スバル,【#スバルーナ】ヴァイスシュヴァルツ初開封対決！！！！！！！：Subaluna Card Opening Showdown【ホロライブ】,125,285958,13411,97,2021-10-12,【 # スバルーナ 】 ヴァイスシュヴァルツ 初 開封 対決 !!!!!!!: Subaluna   Card   Opening   Showdown 【 ホロライブ 】
2021-10-10T10:40:39Z,v31p5uJLAQ0,UCvzGlP9oQwU--Y0r9id_jnA,Subaru Ch. 大空スバル,【#最終回】シリーズ完全初見！！！！！mother２！！！！！/EarthBound【ホロライブ/大空スバル】,114,222254,9992,120,2021-10-10,【 # 最終 回 】 シリーズ 完全 初 見 !!!!! mother 2 !!!!!/ EarthBound 【 ホロライブ / 大空 スバル 】
2021-10-09T05:22:16Z,8GoeyH0_2qg,UCvzGlP9oQwU--Y0r9id_jnA,Subaru Ch. 大空スバル,【#生スバル】3周年ライブあざました！！！！！おはすば！/Free Talk about 3D live【ホロライブ/大空スバル】,134,309367,17008,81,2021-10-09,【 # 生 スバル 】 3 周年 ライブ あざ まし た !!!!! お はす ば !/ Free   Talk   about   3 D   live 【 ホロライブ / 大空 スバル 】
2021-10-08T14:43:20Z,W3vEoLgGxfw,UCvzGlP9oQwU--Y0r9id_jnA,Subaru Ch. 大空スバル,【#３】カスタムロボV2やるしゅばああああああああああああああ/CUSTOM ROBO V2【ホロライブ/大空スバル】,63,260214,10405,91,2021-10-08,【 # 3 】 カスタムロボ V 2 やる し ゅばああああああああああああああ / CUSTOM   ROBO   V 2 【 ホロライブ / 大空 スバル 】
2021-10-07T13:10:00Z,mhvHZpK-9Ss,UCvzGlP9oQwU--Y0r9id_jnA,Subaru Ch. 大空スバル,【#大空スバル３周年】おまたせ！今日はたのしんでってな～！！！！：SUBARU 3rd anniversary Live【ホロライブ】,2094,1103921,82135,311,2021-10-07,【 # 大空 スバル 3 周年 】 お またせ ! 今日 は たのしん で ってな !!!!: SUBARU   3 rd   anniversary   Live 【 ホロライブ 】
2021-10-06T14:04:03Z,gFUpshFisw0,UCvzGlP9oQwU--Y0r9id_jnA,Subaru Ch. 大空スバル,【#生スバル】めちゃめちゃ久しぶりのマイクラっするしゅばああああ！！！！！！/MINECRAFT【ホロライブ/大空スバル】,209,445271,20760,137,2021-10-06,【 # 生 スバル 】 めちゃめちゃ 久しぶり の マイクラ っす る し ゅばああああ !!!!!!/ MINECRAFT 【 ホロライブ / 大空 スバル 】
2021-10-05T12:42:58Z,9TuoUTu_Qvk,UCvzGlP9oQwU--Y0r9id_jnA,Subaru Ch. 大空スバル,【シャニマス】新人Pの大空スバルです！！！かなたPよろしくお願いします！！！！！/THE IDOLM@STER SHINY COLORS【ホロライブ】,115,233386,11740,229,2021-10-05,【 シャニマス 】 新人 P の 大空 スバル です !!! かなた P よろしく お願い し ます !!!!!/ THE   IDOLM @ STER   SHINY   COLORS 【 ホロライブ 】
2021-10-03T10:03:56Z,XAKpXPc0eh8,UCvzGlP9oQwU--Y0r9id_jnA,Subaru Ch. 大空スバル,【#6】シリーズ完全初見！！！！！mother２！！！！！/EarthBound【ホロライブ/大空スバル】,73,187611,7761,56,2021-10-03,【 # 6 】 シリーズ 完全 初 見 !!!!! mother 2 !!!!!/ EarthBound 【 ホロライブ / 大空 スバル 】
2021-10-02T09:48:06Z,xdB40PK5CCI,UCvzGlP9oQwU--Y0r9id_jnA,Subaru Ch. 大空スバル,【#5】シリーズ完全初見！！！！！mother２！！！！！/EarthBound【ホロライブ/大空スバル】,53,175071,7692,63,2021-10-02,【 # 5 】 シリーズ 完全 初 見 !!!!! mother 2 !!!!!/ EarthBound 【 ホロライブ / 大空 スバル 】
2021-10-02T02:13:58Z,jj0ZbUKpBTs,UCvzGlP9oQwU--Y0r9id_jnA,Subaru Ch. 大空スバル,【#生スバル】おはようスバル/FREE TALK【ホロライブ/大空スバル】,90,153204,8979,67,2021-10-02,【 # 生 スバル 】 おはよう スバル / FREE   TALK 【 ホロライブ / 大空 スバル 】
2021-09-30T16:24:43Z,ByQZhUyftBk,UCvzGlP9oQwU--Y0r9id_jnA,Subaru Ch. 大空スバル,【#生スバル】ずっっっとやりたかったリトルナイトメアするしゅばあああああああああああ！！！：LITTLE NIGHTMARES【ネタバレあり】,104,313476,13987,113,2021-09-30,【 # 生 スバル 】 ずっ っ っと やり たかっ た リトルナイトメア する し ゅばあああああああああああ !!!: LITTLE   NIGHTMARES 【 ネタ バレ あり 】
2021-09-29T14:55:54Z,R_OjqP8Et3w,UCvzGlP9oQwU--Y0r9id_jnA,Subaru Ch. 大空スバル,【#生スバル】初見実況カスタムロボV2させてくださいおねがいします！！！！！！！：CUSTOM ROBO V2【ホロライブ】,100,248941,9329,61,2021-09-29,【 # 生 スバル 】 初 見 実況 カスタムロボ V 2 さ せ て ください おねがい し ます !!!!!!!: CUSTOM   ROBO   V 2 【 ホロライブ 】
2021-09-25T11:17:49Z,nnGC2h5cK5c,UCvzGlP9oQwU--Y0r9id_jnA,Subaru Ch. 大空スバル,【#4】シリーズ完全初見！！！！！mother２！！！！！/EarthBound【ホロライブ/大空スバル】,89,224965,9113,102,2021-09-25,【 # 4 】 シリーズ 完全 初 見 !!!!! mother 2 !!!!!/ EarthBound 【 ホロライブ / 大空 スバル 】
2021-09-25T02:10:36Z,bm79RjIbMKA,UCvzGlP9oQwU--Y0r9id_jnA,Subaru Ch. 大空スバル,【#生スバル】おはスバ！/FREE TALK【ホロライブ/大空スバル】,69,136858,9413,48,2021-09-25,【 # 生 スバル 】 お は スバ !/ FREE   TALK 【 ホロライブ / 大空 スバル 】
2021-09-24T14:10:10Z,74wD6IXwpQo,UCvzGlP9oQwU--Y0r9id_jnA,Subaru Ch. 大空スバル,【#１】初見実況カスタムロボV2させてくださいおねがいします！！！！！！！：CUSTOM ROBO V2【ホロライブ/大空スバル】,138,310704,12947,85,2021-09-24,【 # 1 】 初 見 実況 カスタムロボ V 2 さ せ て ください おねがい し ます !!!!!!!: CUSTOM   ROBO   V 2 【 ホロライブ / 大空 スバル 】
2021-09-23T13:57:17Z,90ilZPcR3Jg,UCvzGlP9oQwU--Y0r9id_jnA,Subaru Ch. 大空スバル,【#スバちょこるなたん】L4D2でチームワークをみせてやるしゅばあああああ！！！！！：Left 4 Dead 2【ホロライブ/大空スバル】,71,162340,10031,29,2021-09-23,【 # スバ ちょ こる な たん 】 L 4 D 2 で チームワーク を みせ て やる し ゅばあああああ !!!!!: Left   4   Dead   2 【 ホロライブ / 大空 スバル 】
2021-09-22T13:46:29Z,dQ1pQ6nOzCE,UCvzGlP9oQwU--Y0r9id_jnA,Subaru Ch. 大空スバル,【#生スバル】告知有？！ワンチャンまじで凸待ちO？！；；ソセレ凸待ち！！！：SAUSAGE LEGEND【ホロライブ/大空スバル】,81,419015,18384,98,2021-09-22,【 # 生 スバル 】 告知 有 ?! ワン チャン まじ で 凸 待ち O ?!;; ソセレ 凸 待ち !!!: SAUSAGE   LEGEND 【 ホロライブ / 大空 スバル 】
2021-09-21T14:21:43Z,IbtSdflEebg,UCvzGlP9oQwU--Y0r9id_jnA,Subaru Ch. 大空スバル,【#スバちょこるなたん】ゾンビぶっ倒すしゅばあああああああああ！！！！：WATCH DOGS LEGION【大空スバル視点】,55,181162,9372,35,2021-09-21,【 # スバ ちょ こる な たん 】 ゾンビ ぶっ 倒す し ゅばあああああああああ !!!!: WATCH   DOGS   LEGION 【 大空 スバル 視点 】
2021-09-19T09:17:53Z,_ymzFDKSmg8,UCvzGlP9oQwU--Y0r9id_jnA,Subaru Ch. 大空スバル,【#3】シリーズ完全初見！！！！！mother２！！！！！/EarthBound【ホロライブ/大空スバル】,68,229610,9086,84,2021-09-19,【 # 3 】 シリーズ 完全 初 見 !!!!! mother 2 !!!!!/ EarthBound 【 ホロライブ / 大空 スバル 】
2021-09-18T09:26:18Z,6TXuYTPp7N4,UCvzGlP9oQwU--Y0r9id_jnA,Subaru Ch. 大空スバル,【#2】シリーズ完全初見！！！！！mother２！！！！！/EarthBound【ホロライブ/大空スバル】,68,286385,9191,111,2021-09-18,【 # 2 】 シリーズ 完全 初 見 !!!!! mother 2 !!!!!/ EarthBound 【 ホロライブ / 大空 スバル 】
2021-09-18T02:17:15Z,3qhw9dGnobg,UCvzGlP9oQwU--Y0r9id_jnA,Subaru Ch. 大空スバル,【#生スバル】おはスバ！/FREE TALK【ホロライブ/大空スバル】,107,138300,9244,46,2021-09-18,【 # 生 スバル 】 お は スバ !/ FREE   TALK 【 ホロライブ / 大空 スバル 】
2021-09-17T15:21:47Z,FiUMy_htQD0,UCvzGlP9oQwU--Y0r9id_jnA,Subaru Ch. 大空スバル,【#生スバル】大空探偵事務所：ホロのマネージャー調査編：OOZORA detective：Solve the mystery of the hololive manager!【ホロライブ/大空スバル】,59,229093,12417,77,2021-09-17,【 # 生 スバル 】 大空 探偵 事務所 : ホロ の マネージャー 調査 編 : OOZORA   detective : Solve   the   mystery   of   the   hololive   manager !【 ホロライブ / 大空 スバル 】
2021-09-17T11:15:25Z,iQYCu_a6eSo,UCvzGlP9oQwU--Y0r9id_jnA,Subaru Ch. 大空スバル,【 #ホロ地球防衛隊】地球防衛軍5みんなでするしゅばあああああああ！！！！！：Earth Defense Force 5【大空スバル視点】,119,237810,10803,53,2021-09-17,【 # ホロ 地球 防衛 隊 】 地球 防衛 軍 5 みんな で する し ゅばあああああああ !!!!!: Earth   Defense   Force   5 【 大空 スバル 視点 】
2021-09-16T12:24:02Z,bWXmTyubBeE,UCvzGlP9oQwU--Y0r9id_jnA,Subaru Ch. 大空スバル,【#生スバル】スバルの素！1時間ノープラン雑談【ホロライブ/大空スバル】,176,210852,15358,71,2021-09-16,【 # 生 スバル 】 スバル の 素 ! 1 時間 ノー プラン 雑談 【 ホロライブ / 大空 スバル 】
2021-09-15T13:09:45Z,Npa15IaXv9I,UCvzGlP9oQwU--Y0r9id_jnA,Subaru Ch. 大空スバル,【視聴者参加】セフィロス解禁！！チーム乱闘？！初心者エンジョイわいわいスマブラ！！！/Super Smash Bros.【ホロライブ/大空スバル】,115,279282,12239,81,2021-09-15,【 視聴 者 参加 】 セフィロス 解禁 !! チーム 乱闘 ?! 初心者 エンジョイ わいわい スマ ブラ !!!/ Super   Smash   Bros .【 ホロライブ / 大空 スバル 】
2021-09-14T11:14:55Z,OtcN-V3_jr8,UCvzGlP9oQwU--Y0r9id_jnA,Subaru Ch. 大空スバル,【】マジですまん悲しいお知らせ【】,1394,268166,19996,174,2021-09-14,【 】 マジ で すまん 悲しい お知らせ 【 】
2021-09-12T09:07:32Z,hhVy80ZxIKo,UCvzGlP9oQwU--Y0r9id_jnA,Subaru Ch. 大空スバル,【#生スバル】シリーズ完全初見！！！！！mother２！！！！！/EarthBound【ホロライブ/大空スバル】,131,355401,12229,136,2021-09-12,【 # 生 スバル 】 シリーズ 完全 初 見 !!!!! mother 2 !!!!!/ EarthBound 【 ホロライブ / 大空 スバル 】
2021-09-11T08:46:28Z,yZNw_r_Y2kA,UCvzGlP9oQwU--Y0r9id_jnA,Subaru Ch. 大空スバル,【#生スバル】アドベントチルドレンコンプリート同時視聴会/FINAL FANTASY VII ADVENT CHILDREN COMPLETE【ホロライブ/大空スバル】,138,185120,8345,62,2021-09-11,【 # 生 スバル 】 アドベントチルドレンコンプリート 同時 視聴 会 / FINAL   FANTASY   VII   ADVENT   CHILDREN   COMPLETE 【 ホロライブ / 大空 スバル 】
2021-09-11T04:16:00Z,9s11-3U_0U8,UCvzGlP9oQwU--Y0r9id_jnA,Subaru Ch. 大空スバル,【#生スバル】重大告知有！！！おはスバ！/FREE TALK【ホロライブ/大空スバル】,83,232211,12087,83,2021-09-11,【 # 生 スバル 】 重大 告知 有 !!! お は スバ !/ FREE   TALK 【 ホロライブ / 大空 スバル 】
2021-09-08T16:48:52Z,sWvQ1yQOX6o,UCvzGlP9oQwU--Y0r9id_jnA,Subaru Ch. 大空スバル,【#生スバル】ハリーポッターと秘密の部屋同時視聴会！！！/Harry Potter and the Chamber of Secrets【ホロライブ/大空スバル】,58,112382,7117,23,2021-09-08,【 # 生 スバル 】 ハリーポッター と 秘密 の 部屋 同時 視聴 会 !!!/ Harry   Potter   and   the   Chamber   of   Secrets 【 ホロライブ / 大空 スバル 】
2021-09-07T12:03:08Z,9lmJg0a-YW8,UCvzGlP9oQwU--Y0r9id_jnA,Subaru Ch. 大空スバル,【#スバちょこるなたん】地獄大くじ引き大会【ホロライブ】,241,441441,20591,109,2021-09-07,【 # スバ ちょ こる な たん 】 地獄 大 くじ引き 大会 【 ホロライブ 】
2021-09-05T09:14:42Z,i3GEk9TcB40,UCvzGlP9oQwU--Y0r9id_jnA,Subaru Ch. 大空スバル,【#最終回】完全初見！！初代FF７！！！！【ホロライブ/大空スバル】※ネタバレあり,227,389974,12825,278,2021-09-05,【 # 最終 回 】 完全 初 見 !! 初代 FF 7 !!!!【 ホロライブ / 大空 スバル 】 ※ ネタ バレ あり
2021-09-04T09:43:59Z,ndoC4OH3cbc,UCvzGlP9oQwU--Y0r9id_jnA,Subaru Ch. 大空スバル,【#10】最終回間近？！完全初見！！初代FF７！！！！【ホロライブ/大空スバル】※ネタバレあり,101,291430,9869,122,2021-09-04,【 # 10 】 最終 回 間近 ?! 完全 初 見 !! 初代 FF 7 !!!!【 ホロライブ / 大空 スバル 】 ※ ネタ バレ あり
2021-09-04T02:12:36Z,NoBkt5wobrU,UCvzGlP9oQwU--Y0r9id_jnA,Subaru Ch. 大空スバル,【#生スバル】まだまだ！夏休みスペシャル！？ゲスト有！？おはスバ！/FREE TALK【ホロライブ/大空スバル】,65,159529,9049,49,2021-09-04,【 # 生 スバル 】 まだまだ ! 夏休み スペシャル !? ゲスト 有 !? お は スバ !/ FREE   TALK 【 ホロライブ / 大空 スバル 】
2021-09-03T13:23:29Z,uRR9vnZ_DmA,UCvzGlP9oQwU--Y0r9id_jnA,Subaru Ch. 大空スバル,【#生スバル】スバルってホラゲー中何db出てんの？検証するぞ！！！！！！/Emily Wants to Play【ホロライブ/大空スバル】,70,195528,11464,56,2021-09-03,【 # 生 スバル 】 スバル って ホラゲー 中 何 db 出 て ん の ? 検証 する ぞ !!!!!!/ Emily   Wants   to   Play 【 ホロライブ / 大空 スバル 】
2021-09-02T12:12:43Z,-RKYVgVwkb8,UCvzGlP9oQwU--Y0r9id_jnA,Subaru Ch. 大空スバル,"【#スバおかおっぱぴー】おかうと‼‼あつまれ‼メイドインワリオ：Wario Ware, Inc. Mega Party Game$ with OKAYU【ホロライブ/大空スバル】",73,232233,11377,66,2021-09-02,"【 # スバ おか おっ ぱぴ ー 】 おか う と ‼‼ あつまれ ‼ メイドインワリオ : Wario   Ware ,   Inc .   Mega   Party   Game $   with   OKAYU 【 ホロライブ / 大空 スバル 】"
2021-09-01T14:55:29Z,s7yGgpPUz-0,UCvzGlP9oQwU--Y0r9id_jnA,Subaru Ch. 大空スバル,【#生スバル】夜の街をパトロールするしゅばああああああああああああああああああああ！！！！！/police simulator【ホロライブ/大空スバル】,85,178018,10368,70,2021-09-01,【 # 生 スバル 】 夜 の 街 を パトロール する し ゅばああああああああああああああああああああ !!!!!/ police   simulator 【 ホロライブ / 大空 スバル 】
2021-08-31T14:14:45Z,qT-ZzEHfw2s,UCvzGlP9oQwU--Y0r9id_jnA,Subaru Ch. 大空スバル,【#生スバル】ドキドキ！！NGなし？！マシュマロトーク！！！！/NO NG！！！Question tournament！！！【ホロライブ/大空スバル】,114,333876,14738,99,2021-08-31,【 # 生 スバル 】 ドキドキ !! NG なし ?! マシュマロ トーク !!!!/ NO   NG !!! Question   tournament !!!【 ホロライブ / 大空 スバル 】
2021-08-29T10:21:53Z,Fe3dS4m2trc,UCvzGlP9oQwU--Y0r9id_jnA,Subaru Ch. 大空スバル,【#9】完全初見！！初代FF７！！！！【ホロライブ/大空スバル】※ネタバレあり,117,329463,9152,159,2021-08-29,【 # 9 】 完全 初 見 !! 初代 FF 7 !!!!【 ホロライブ / 大空 スバル 】 ※ ネタ バレ あり
2021-08-28T10:25:24Z,RFQgzhBubTo,UCvzGlP9oQwU--Y0r9id_jnA,Subaru Ch. 大空スバル,【#8】完全初見！！スバウド探しに行くぞ！！！！！初代FF７！！！！【ホロライブ/大空スバル】※ネタバレあり,218,320385,10890,107,2021-08-28,【 # 8 】 完全 初 見 !! スバ ウド 探し に 行く ぞ !!!!! 初代 FF 7 !!!!【 ホロライブ / 大空 スバル 】 ※ ネタ バレ あり
2021-08-27T15:24:23Z,Dx-0rKjfhuk,UCvzGlP9oQwU--Y0r9id_jnA,Subaru Ch. 大空スバル,【#6】完全初見！！いくぞ！！古代種の神殿！！！！初代FF７！！！！【ホロライブ/大空スバル】※ネタバレあり,191,304547,11237,133,2021-08-27,【 # 6 】 完全 初 見 !! いく ぞ !! 古代 種 の 神殿 !!!! 初代 FF 7 !!!!【 ホロライブ / 大空 スバル 】 ※ ネタ バレ あり
2021-08-27T13:18:08Z,eOdf9W-80fk,UCvzGlP9oQwU--Y0r9id_jnA,Subaru Ch. 大空スバル,【#ゆるホロチームカート】ホロメンでチーム対抗マリカバトルするしゅばあああああああああああああ！！！！！！！【ホロライブ/大空スバル】,56,176528,10044,43,2021-08-27,【 # ゆる ホロチームカート 】 ホロメン で チーム 対抗 マリカバトル する し ゅばあああああああああああああ !!!!!!!【 ホロライブ / 大空 スバル 】
2021-08-26T13:15:33Z,pcSoZnE2FBs,UCvzGlP9oQwU--Y0r9id_jnA,Subaru Ch. 大空スバル,【#生スバル】夏休みホラー！！！！つぐのひの新作やるしゅばあああああああああ！！！！！/horror game【ホロライブ/大空スバル】,111,207832,11161,54,2021-08-26,【 # 生 スバル 】 夏休み ホラー !!!! つぐ の ひ の 新作 やる し ゅばあああああああああ !!!!!/ horror   game 【 ホロライブ / 大空 スバル 】
2021-08-24T15:58:08Z,V4GGxWUfFXw,UCvzGlP9oQwU--Y0r9id_jnA,Subaru Ch. 大空スバル,【視聴者参加】素人がスマブラした結果/Super Smash Bros.【ホロライブ/大空スバル】,142,266368,10627,61,2021-08-24,【 視聴 者 参加 】 素人 が スマ ブラ し た 結果 / Super   Smash   Bros .【 ホロライブ / 大空 スバル 】
2021-08-22T14:48:00Z,9kvMkzJr_l8,UCvzGlP9oQwU--Y0r9id_jnA,Subaru Ch. 大空スバル,【GARTIC PHONE】みんなでお絵描きやるしゅばああああああああああ！！！【ホロライブ/大空スバル】,90,183238,9733,26,2021-08-22,【 GARTIC   PHONE 】 みんな で お 絵描き やる し ゅばああああああああああ !!!【 ホロライブ / 大空 スバル 】
2021-08-22T08:06:04Z,GjLN9uRAmgU,UCvzGlP9oQwU--Y0r9id_jnA,Subaru Ch. 大空スバル,【#7】完全初見！！超えるぞ！！！！雪原！！！初代FF７！！！！【ホロライブ/大空スバル】※ネタバレあり,123,355426,9534,154,2021-08-22,【 # 7 】 完全 初 見 !! 超える ぞ !!!! 雪原 !!! 初代 FF 7 !!!!【 ホロライブ / 大空 スバル 】 ※ ネタ バレ あり
2021-08-21T02:10:46Z,sYUkxO05w-I,UCvzGlP9oQwU--Y0r9id_jnA,Subaru Ch. 大空スバル,【#生スバル】夏休みスペシャル！ゲスト有！？おはスバ！/FREE TALK【ホロライブ/大空スバル】,84,177270,10243,47,2021-08-21,【 # 生 スバル 】 夏休み スペシャル ! ゲスト 有 !? お は スバ !/ FREE   TALK 【 ホロライブ / 大空 スバル 】
2021-08-20T12:03:28Z,0Op5oxqqFL4,UCvzGlP9oQwU--Y0r9id_jnA,Subaru Ch. 大空スバル,【#生スバル】ぼっこぼこにしてやるしゅばあああああああ！！！！！視聴者参加型マリカ/Viewer participation type Mario Kart【ホロライブ/大空スバル】,57,158044,8441,45,2021-08-20,【 # 生 スバル 】 ぼっ こ ぼ こ に し て やる し ゅばあああああああ !!!!! 視聴 者 参加 型 マリカ / Viewer   participation   type   Mario   Kart 【 ホロライブ / 大空 スバル 】
2021-08-19T16:43:12Z,W1MNp6HHwCg,UCvzGlP9oQwU--Y0r9id_jnA,Subaru Ch. 大空スバル,【 #スバちょこるなたん 】ＣＯＤでゾンビ倒すしゅばあああああリベンジあああああああああああ！！！！： Call of Duty：BOCW【大空スバル/ホロライブ】,78,205418,10077,45,2021-08-19,【 # スバ ちょ こる な たん 】 COD で ゾンビ 倒す し ゅばあああああ リベンジ ああ ああ ああ ああ ああ あ !!!!:   Call   of   Duty : BOCW 【 大空 スバル / ホロライブ 】
2021-08-18T13:28:48Z,m5goge3MhKY,UCvzGlP9oQwU--Y0r9id_jnA,Subaru Ch. 大空スバル,【#生スバル】夏だね♡花火打ち上げ会場：Fireworks Mania【ホロライブ/大空スバル】,288,255620,14717,53,2021-08-18,【 # 生 スバル 】 夏 だ ね ♡ 花火 打ち上げ 会場 : Fireworks   Mania 【 ホロライブ / 大空 スバル 】
2021-08-16T16:58:57Z,26WKk3kl700,UCvzGlP9oQwU--Y0r9id_jnA,Subaru Ch. 大空スバル,【 #スバちょこるなたん 】ＣＯＤでゾンビ倒すしゅばああああああああああああああああ！！！！： Call of Duty：BOCW【大空スバル/ホロライブ】,100,271285,11500,56,2021-08-16,【 # スバ ちょ こる な たん 】 COD で ゾンビ 倒す し ゅばああああああああああああああああ !!!!:   Call   of   Duty : BOCW 【 大空 スバル / ホロライブ 】
2021-08-14T09:58:49Z,DYJNpeexpcM,UCvzGlP9oQwU--Y0r9id_jnA,Subaru Ch. 大空スバル,【#4】完全初見！！！！初代FF７！！！！【ホロライブ/大空スバル】※ネタバレあり,112,301200,9545,95,2021-08-14,【 # 4 】 完全 初 見 !!!! 初代 FF 7 !!!!【 ホロライブ / 大空 スバル 】 ※ ネタ バレ あり
2021-08-14T02:21:12Z,gbgdZM0qN3Y,UCvzGlP9oQwU--Y0r9id_jnA,Subaru Ch. 大空スバル,【#生スバル】夏休みスペシャル！ゲスト有！？おはスバ！/FREE TALK【ホロライブ/大空スバル】,71,170963,9523,48,2021-08-14,【 # 生 スバル 】 夏休み スペシャル ! ゲスト 有 !? お は スバ !/ FREE   TALK 【 ホロライブ / 大空 スバル 】
2021-08-11T14:21:11Z,BdF90qYNVOo,UCvzGlP9oQwU--Y0r9id_jnA,Subaru Ch. 大空スバル,【#ホロ怖】本当にあったホロライブの怖い話/Scary stories about holo-lives that really happened【ホロライブ】,605,538621,24082,155,2021-08-11,【 # ホロ 怖 】 本当に あっ た ホロライブ の 怖い 話 / Scary   stories   about   holo - lives   that   really   happened 【 ホロライブ 】
2021-08-10T13:15:37Z,cXL6F8J-GXo,UCvzGlP9oQwU--Y0r9id_jnA,Subaru Ch. 大空スバル,【#生スバル】夏だからスーパーボール作るしゅばああああああああああ！！/making Bouncy ball 【ホロライブ/大空スバル】,119,213263,10902,53,2021-08-10,【 # 生 スバル 】 夏 だ から スーパー ボール 作る し ゅばああああああああああ !!/ making   Bouncy   ball 【 ホロライブ / 大空 スバル 】
2021-08-08T09:56:33Z,3bB4MHeQ1Ns,UCvzGlP9oQwU--Y0r9id_jnA,Subaru Ch. 大空スバル,【#3】完全初見！！！！初代FF７！！！！【ホロライブ/大空スバル】※ネタバレあり,104,317098,9553,145,2021-08-08,【 # 3 】 完全 初 見 !!!! 初代 FF 7 !!!!【 ホロライブ / 大空 スバル 】 ※ ネタ バレ あり
2021-08-07T20:25:24Z,SgPvXloCWGY,UCvzGlP9oQwU--Y0r9id_jnA,Subaru Ch. 大空スバル,【#2】完全初見！！！！初代FF７！！！！【ホロライブ/大空スバル】※ネタバレあり,155,339877,11451,84,2021-08-07,【 # 2 】 完全 初 見 !!!! 初代 FF 7 !!!!【 ホロライブ / 大空 スバル 】 ※ ネタ バレ あり
2021-08-07T02:12:21Z,tLzXVo8ZCIM,UCvzGlP9oQwU--Y0r9id_jnA,Subaru Ch. 大空スバル,【#生スバル】夏休みスペシャル！ゲスト有！？おはスバ！/FREE TALK【ホロライブ/大空スバル】,62,170947,10351,49,2021-08-07,【 # 生 スバル 】 夏休み スペシャル ! ゲスト 有 !? お は スバ !/ FREE   TALK 【 ホロライブ / 大空 スバル 】
2021-08-06T12:50:09Z,vjbcPzja8NU,UCvzGlP9oQwU--Y0r9id_jnA,Subaru Ch. 大空スバル,【#生スバル】1日警察署長するしゅばあああ！！！！：Police Simulator: Patrol Officers【ホロライブ/大空スバル】,120,223373,13438,137,2021-08-06,【 # 生 スバル 】 1 日 警察 署長 する し ゅばあああ !!!!: Police   Simulator :   Patrol   Officers 【 ホロライブ / 大空 スバル 】
2021-08-05T14:39:21Z,H_jf6Z-6C3Y,UCvzGlP9oQwU--Y0r9id_jnA,Subaru Ch. 大空スバル,【#生スバル】第１１回ソーセージレジェンド大会：SAUSAGE LEGEND【ホロライブ/大空スバル】,130,241307,13311,59,2021-08-05,【 # 生 スバル 】 第 11 回 ソーセージレジェンド 大会 : SAUSAGE   LEGEND 【 ホロライブ / 大空 スバル 】
2021-08-04T15:09:26Z,1boT3h-dw1k,UCvzGlP9oQwU--Y0r9id_jnA,Subaru Ch. 大空スバル,【#生スバル】夏休みホラー：人生初青鬼：AOONI【ホロライブ/大空スバル】,279,587601,18096,154,2021-08-04,【 # 生 スバル 】 夏休み ホラー : 人生 初 青 鬼 : AOONI 【 ホロライブ / 大空 スバル 】
2021-08-01T12:16:17Z,fZY0dD3PxMU,UCvzGlP9oQwU--Y0r9id_jnA,Subaru Ch. 大空スバル,【#subamoon】視聴者参加！ムーナとお絵描き伝言ゲームするしゅばああああ！！！/MOONA collabo【ホロライブ】,197,186562,12622,46,2021-08-01,【 # subamoon 】 視聴 者 参加 ! ムーナ と お 絵描き 伝言 ゲーム する し ゅばああああ !!!/ MOONA   collabo 【 ホロライブ 】
2021-08-01T10:10:25Z,R937dYOC4Mw,UCvzGlP9oQwU--Y0r9id_jnA,Subaru Ch. 大空スバル,【#1】完全初見！！！！初代FF７！！！！【ホロライブ/大空スバル】※ネタバレあり,228,470134,14707,224,2021-08-01,【 # 1 】 完全 初 見 !!!! 初代 FF 7 !!!!【 ホロライブ / 大空 スバル 】 ※ ネタ バレ あり
2021-07-31T02:11:32Z,m42ycks1Qls,UCvzGlP9oQwU--Y0r9id_jnA,Subaru Ch. 大空スバル,【#生スバル】おはスバ！/FREE TALK【ホロライブ/大空スバル】,81,148261,8888,43,2021-07-31,【 # 生 スバル 】 お は スバ !/ FREE   TALK 【 ホロライブ / 大空 スバル 】
2021-07-28T15:46:46Z,zPCYveAOQJI,UCvzGlP9oQwU--Y0r9id_jnA,Subaru Ch. 大空スバル,【#すばちょこるなたん】ぼたん教官によるスバちょこルーナCoD【大空スバル視点】,126,239555,12411,34,2021-07-28,【 # す ば ちょ こる な たん 】 ぼ たん 教官 による スバ ちょこ ルーナ CoD 【 大空 スバル 視点 】
2021-07-27T14:24:15Z,GXJGd8WmEto,UCvzGlP9oQwU--Y0r9id_jnA,Subaru Ch. 大空スバル,"【#ババドナ】無音の世界？！大声出したら即終了！！/If you shout out, it will end immediately【ホロライブ/大空スバル】",280,386637,19392,138,2021-07-27,"【 # ババドナ 】 無音 の 世界 ?! 大声 出し たら 即 終了 !!/ If   you   shout   out ,   it   will   end   immediately 【 ホロライブ / 大空 スバル 】"
2021-07-27T13:11:19Z,Wz6Os0EzyRM,UCvzGlP9oQwU--Y0r9id_jnA,Subaru Ch. 大空スバル,"【#ババドナ】無音の世界？！大声出したら即終了！！/If you shout out, it will end immediately【ホロライブ/大空スバル】",125,103510,6383,38,2021-07-27,"【 # ババドナ 】 無音 の 世界 ?! 大声 出し たら 即 終了 !!/ If   you   shout   out ,   it   will   end   immediately 【 ホロライブ / 大空 スバル 】"
2021-07-25T08:23:18Z,FrIeQGmkY58,UCvzGlP9oQwU--Y0r9id_jnA,Subaru Ch. 大空スバル,【#生スバル】初見実況！！俺たちの！！！！！レンジャーサインしゅば！！！：GRANBLUE FANTASY【ホロライブ/大空スバル】,129,176789,10648,50,2021-07-25,【 # 生 スバル 】 初 見 実況 !! 俺 たち の !!!!! レンジャーサイン し ゅば !!!: GRANBLUE   FANTASY 【 ホロライブ / 大空 スバル 】
2021-07-24T10:34:35Z,YhRKFUCooik,UCvzGlP9oQwU--Y0r9id_jnA,Subaru Ch. 大空スバル,【#クリア後裏ルート】DQシリーズ完全初見！裏ルートいくぞ！！！ドラゴンクエスト8！！！【ホロライブ/大空スバル】※ネタバレあり,188,393689,12120,115,2021-07-24,【 # クリア 後 裏 ルート 】 DQ シリーズ 完全 初 見 ! 裏 ルート いく ぞ !!! ドラゴン クエスト 8 !!!【 ホロライブ / 大空 スバル 】 ※ ネタ バレ あり
2021-07-24T02:16:39Z,Zdy7fPogJvI,UCvzGlP9oQwU--Y0r9id_jnA,Subaru Ch. 大空スバル,【#生スバル】おきれますように！！！　おはスバ！/FREE TALK【ホロライブ/大空スバル】,61,150375,9691,31,2021-07-24,【 # 生 スバル 】 おき れ ます よう に !!! お は スバ !/ FREE   TALK 【 ホロライブ / 大空 スバル 】
2021-07-21T15:10:09Z,cPxE14YqJKE,UCvzGlP9oQwU--Y0r9id_jnA,Subaru Ch. 大空スバル,【視聴者参加】みんなはどっち派？！アンケートで決着をつけるしゅばああああああああああ！！！！！！！！/Let`s QUESTIONNAIRE‼‼‼【Viewer participation type】,194,203142,13226,77,2021-07-21,【 視聴 者 参加 】 みんな は どっち 派 ?! アンケート で 決着 を つける し ゅばああああああああああ !!!!!!!!/ Let ` s   QUESTIONNAIRE ‼‼‼【 Viewer   participation   type 】
2021-07-20T13:11:03Z,cQgLAgOLh74,UCvzGlP9oQwU--Y0r9id_jnA,Subaru Ch. 大空スバル,【#生スバル】悪い子はいねえか～～！！！！大空警察パトロールちゅば！！/MINE CRAFT【大空スバル/ホロライブ】,146,351032,14806,121,2021-07-20,【 # 生 スバル 】 悪い 子 は い ねえ か !!!! 大空 警察 パトロール ち ゅば !!/ MINE   CRAFT 【 大空 スバル / ホロライブ 】
2021-07-18T07:10:35Z,Kk9Kq-cfBdg,UCvzGlP9oQwU--Y0r9id_jnA,Subaru Ch. 大空スバル,【観覧注意】顕微鏡配信しゅばあああああああ！！！！/Stream to see the micro world with a microscope【ホロライブ/大空スバル】,173,340029,18643,75,2021-07-18,【 観覧 注意 】 顕微鏡 配信 し ゅばあああああああ !!!!/ Stream   to   see   the   micro   world   with   a   microscope 【 ホロライブ / 大空 スバル 】
2021-07-17T04:39:02Z,a7QdcTjK2PI,UCvzGlP9oQwU--Y0r9id_jnA,Subaru Ch. 大空スバル,【#生スバル】free talk/おはスバ【ホロライブ/大空スバル】,124,234113,13058,55,2021-07-17,【 # 生 スバル 】 free   talk / お は スバ 【 ホロライブ / 大空 スバル 】
2021-07-11T03:10:22Z,vnaW6DJc-Zc,UCvzGlP9oQwU--Y0r9id_jnA,Subaru Ch. 大空スバル,【#生スバル】free talk/おはスバ【ホロライブ/大空スバル】,80,199883,11401,53,2021-07-11,【 # 生 スバル 】 free   talk / お は スバ 【 ホロライブ / 大空 スバル 】
2021-07-10T14:42:02Z,PT58tchood4,UCvzGlP9oQwU--Y0r9id_jnA,Subaru Ch. 大空スバル,【#本編最終回】DQシリーズ完全初見！クリアするぞ！！！！！！！ドラゴンクエスト8！！！【ホロライブ/大空スバル】※ネタバレあり,185,267722,9338,80,2021-07-10,【 # 本編 最終 回 】 DQ シリーズ 完全 初 見 ! クリア する ぞ !!!!!!! ドラゴン クエスト 8 !!!【 ホロライブ / 大空 スバル 】 ※ ネタ バレ あり
2021-07-10T10:16:21Z,td5_LE8Ccj8,UCvzGlP9oQwU--Y0r9id_jnA,Subaru Ch. 大空スバル,【#12】DQシリーズ完全初見！ラストダンジョン！！！ドラゴンクエスト8！！！【ホロライブ/大空スバル】※ネタバレあり,107,372427,9578,117,2021-07-10,【 # 12 】 DQ シリーズ 完全 初 見 ! ラストダンジョン !!! ドラゴン クエスト 8 !!!【 ホロライブ / 大空 スバル 】 ※ ネタ バレ あり
2021-07-09T13:15:53Z,N16A2XNu0L4,UCvzGlP9oQwU--Y0r9id_jnA,Subaru Ch. 大空スバル,【#大空警察】第２回大空警察しゅばあああああああああああああ/OOZORA POLICE【逮捕しゅば！！！】,700,1238157,43295,352,2021-07-09,【 # 大空 警察 】 第 2 回 大空 警察 し ゅばあああああああああああああ / OOZORA   POLICE 【 逮捕 し ゅば !!!】
2021-07-08T12:07:20Z,v_jVJt5ub1o,UCvzGlP9oQwU--Y0r9id_jnA,Subaru Ch. 大空スバル,【料理配信】人生初？！揚げバター作るしゅば！！！！！！！！！！！！/Cooking fried butter First time in my life【】,418,488301,20704,327,2021-07-08,【 料理 配信 】 人生 初 ?! 揚げ バター 作る し ゅば !!!!!!!!!!!!/ Cooking   fried   butter   First   time   in   my   life 【 】
2021-07-04T10:44:11Z,NidpuUfzfrQ,UCvzGlP9oQwU--Y0r9id_jnA,Subaru Ch. 大空スバル,【#11】DQシリーズ完全初見！ドラゴンクエスト8！！！【ホロライブ/大空スバル】※ネタバレあり,144,390583,10778,130,2021-07-04,【 # 11 】 DQ シリーズ 完全 初 見 ! ドラゴン クエスト 8 !!!【 ホロライブ / 大空 スバル 】 ※ ネタ バレ あり
2021-07-03T10:50:21Z,rJJTJA_T_b0,UCvzGlP9oQwU--Y0r9id_jnA,Subaru Ch. 大空スバル,【#10】DQシリーズ完全初見！ドラゴンクエスト8！！！【ホロライブ/大空スバル】※ネタバレあり,125,310007,9077,90,2021-07-03,【 # 10 】 DQ シリーズ 完全 初 見 ! ドラゴン クエスト 8 !!!【 ホロライブ / 大空 スバル 】 ※ ネタ バレ あり
2021-07-03T03:37:58Z,BrUuY9wrCdA,UCvzGlP9oQwU--Y0r9id_jnA,Subaru Ch. 大空スバル,【#生スバル】free talk/おはスバ【ホロライブ/大空スバル】,177,231963,13203,39,2021-07-03,【 # 生 スバル 】 free   talk / お は スバ 【 ホロライブ / 大空 スバル 】
2021-07-02T12:13:20Z,I8Q7nMijBys,UCvzGlP9oQwU--Y0r9id_jnA,Subaru Ch. 大空スバル,【#おたおめスバル】おたんじょうび！！！！！！！！！！HAPPY BIRTH DAY SUBARU!!!【見てみな、飛ぶぞ】,758,543052,39388,193,2021-07-02,【 # お た お め スバル 】 お たんじょう び !!!!!!!!!! HAPPY   BIRTH   DAY   SUBARU !!!【 見 て みな 、 飛ぶ ぞ 】
2021-06-30T14:10:58Z,GbTdxtWMrsU,UCvzGlP9oQwU--Y0r9id_jnA,Subaru Ch. 大空スバル,【#生スバル】罰ゲーム！！！需要？！？知らねぇ！！！ガチASMR地獄配信！！！！：DEATH ASMR stream【】,1242,614185,32791,148,2021-06-30,【 # 生 スバル 】 罰 ゲーム !!! 需要 ?!? 知ら ねぇ !!! ガチ ASMR 地獄 配信 !!!!: DEATH   ASMR   stream 【 】
2021-06-28T14:15:32Z,sN9-I9XkcsY,UCvzGlP9oQwU--Y0r9id_jnA,Subaru Ch. 大空スバル,【IDOLY PRIDE】第２部！！アイプラするちゅばああああああああ！！！！！！【#ホロプラ/大空スバル】,31,68779,4707,20,2021-06-28,【 IDOLY   PRIDE 】 第 2 部 !! アイプラ する ち ゅばああああああああ !!!!!!【# ホロプラ / 大空 スバル 】
2021-06-28T04:07:30Z,6a1dDxIsd6Y,UCvzGlP9oQwU--Y0r9id_jnA,Subaru Ch. 大空スバル,【#ホロプラ】第１部！！視聴者参加型アイドルP対決？！アイプラするちゅばああああ！！！！【IDOLY PRIDE/大空スバル】,53,101068,5911,28,2021-06-28,【 # ホロプラ 】 第 1 部 !! 視聴 者 参加 型 アイドル P 対決 ?! アイプラ する ち ゅばああああ !!!!【 IDOLY   PRIDE / 大空 スバル 】
2021-06-27T15:10:12Z,Bj1jshJaSDY,UCvzGlP9oQwU--Y0r9id_jnA,Subaru Ch. 大空スバル,【#うさ建夏祭り】夏祭りみんなでいくしゅばああああああああああああ！minecraft 【大空スバル視点】,114,328237,13687,33,2021-06-27,【 # うさ 建 夏 祭り 】 夏 祭り みんな で いく し ゅばああああああああああああ ! minecraft 【 大空 スバル 視点 】
2021-06-27T10:59:38Z,2ywSWONXIrM,UCvzGlP9oQwU--Y0r9id_jnA,Subaru Ch. 大空スバル,【#9】DQシリーズ完全初見！ドラゴンクエスト8！！！【ホロライブ/大空スバル】※ネタバレあり,144,369281,9880,91,2021-06-27,【 # 9 】 DQ シリーズ 完全 初 見 ! ドラゴン クエスト 8 !!!【 ホロライブ / 大空 スバル 】 ※ ネタ バレ あり
2021-06-26T10:47:23Z,c6YxMrWaLRE,UCvzGlP9oQwU--Y0r9id_jnA,Subaru Ch. 大空スバル,【#8】DQシリーズ完全初見！ドラゴンクエスト8！！！【ホロライブ/大空スバル】※ネタバレあり,140,329190,9374,87,2021-06-26,【 # 8 】 DQ シリーズ 完全 初 見 ! ドラゴン クエスト 8 !!!【 ホロライブ / 大空 スバル 】 ※ ネタ バレ あり
2021-06-23T12:42:52Z,69G424cBzms,UCvzGlP9oQwU--Y0r9id_jnA,Subaru Ch. 大空スバル,【#大空建設】夏祭り準備みんなでするしゅばああああああああああ！！minecraft 【大空スバル視点】,98,261807,11880,39,2021-06-23,【 # 大空 建設 】 夏 祭り 準備 みんな で する し ゅばああああああああああ !! minecraft 【 大空 スバル 視点 】
2021-06-22T12:35:39Z,-ixsnZp-E1s,UCvzGlP9oQwU--Y0r9id_jnA,Subaru Ch. 大空スバル,【#イカロスジェットコースター】大清楚アイドルなら常識クイズも余裕しゅば！！！！！スバトワコラボ！/Common sense quiz subatowa【ホロライブ】,142,201252,10557,73,2021-06-22,【 # イカロスジェットコースター 】 大 清楚 アイドル なら 常識 クイズ も 余裕 し ゅば !!!!! スバトワコラボ !/ Common   sense   quiz   subatowa 【 ホロライブ 】
2021-06-20T04:17:06Z,_fHT34m5W4U,UCvzGlP9oQwU--Y0r9id_jnA,Subaru Ch. 大空スバル,【】free talk/おはスバ【】,129,245061,13485,87,2021-06-20,【 】 free   talk / お は スバ 【 】
2021-06-19T12:50:41Z,3Y3CXVZf7SE,UCvzGlP9oQwU--Y0r9id_jnA,Subaru Ch. 大空スバル,【#生スバル】NieR Re[in]carnation初見実況するしゅばああああああああああああああああ【ホロライブ/大空スバル】,69,151424,9448,59,2021-06-19,【 # 生 スバル 】 NieR   Re [ in ] carnation 初 見 実況 する し ゅばああああああああああああああああ 【 ホロライブ / 大空 スバル 】
2021-06-19T08:58:42Z,y7WHzskFGfM,UCvzGlP9oQwU--Y0r9id_jnA,Subaru Ch. 大空スバル,【#7】DQシリーズ完全初見！ドラゴンクエスト8！！！【ホロライブ/大空スバル】※ネタバレあり,172,343458,10297,151,2021-06-19,【 # 7 】 DQ シリーズ 完全 初 見 ! ドラゴン クエスト 8 !!!【 ホロライブ / 大空 スバル 】 ※ ネタ バレ あり
2021-06-16T13:23:33Z,8lLTNBX1U_M,UCvzGlP9oQwU--Y0r9id_jnA,Subaru Ch. 大空スバル,【#生スバル】夏祭り会場みにいくぞ！！！！mine craft！！【ホロライブ/大空スバル】,80,250009,13349,86,2021-06-16,【 # 生 スバル 】 夏 祭り 会場 み に いく ぞ !!!! mine   craft !!【 ホロライブ / 大空 スバル 】
2021-06-15T12:44:14Z,AFq464pVltU,UCvzGlP9oQwU--Y0r9id_jnA,Subaru Ch. 大空スバル,【#生スバル】なんかやばいスタジオでアニメのED収録してきたぞレポ！！：Report on the recording of the anime ED【ホロライブ/大空スバル】,113,217654,11716,40,2021-06-15,【 # 生 スバル 】 なんか やばい スタジオ で アニメ の ED 収録 し て き た ぞ レポ !!: Report   on   the   recording   of   the   anime   ED 【 ホロライブ / 大空 スバル 】
2021-06-14T12:30:43Z,gM2oV5F9XEk,UCvzGlP9oQwU--Y0r9id_jnA,Subaru Ch. 大空スバル,【#すばおかみょーん】地獄なりきりUNO【ホロライブ】,219,493390,22627,75,2021-06-14,【 # す ば おかみ ょ ー ん 】 地獄 なり きり UNO 【 ホロライブ 】
2021-06-13T12:04:32Z,zwSPBv7W2HI,UCvzGlP9oQwU--Y0r9id_jnA,Subaru Ch. 大空スバル,【#6】DQシリーズ完全初見！ドラゴンクエスト8！！！【ホロライブ/大空スバル】※ネタバレあり,215,425528,11070,110,2021-06-13,【 # 6 】 DQ シリーズ 完全 初 見 ! ドラゴン クエスト 8 !!!【 ホロライブ / 大空 スバル 】 ※ ネタ バレ あり
2021-06-12T09:55:42Z,GZIdmAhkGwQ,UCvzGlP9oQwU--Y0r9id_jnA,Subaru Ch. 大空スバル,【#5】DQシリーズ完全初見！ドラゴンクエスト8！！！【ホロライブ/大空スバル】※ネタバレあり,108,334958,10503,87,2021-06-12,【 # 5 】 DQ シリーズ 完全 初 見 ! ドラゴン クエスト 8 !!!【 ホロライブ / 大空 スバル 】 ※ ネタ バレ あり
2021-06-12T03:20:32Z,gh57KeYIdWU,UCvzGlP9oQwU--Y0r9id_jnA,Subaru Ch. 大空スバル,【】free talk/おはスバ【】,76,194080,11290,47,2021-06-12,【 】 free   talk / お は スバ 【 】
2021-06-11T14:49:35Z,zxVPdZjZS7U,UCvzGlP9oQwU--Y0r9id_jnA,Subaru Ch. 大空スバル,【#生スバル】The Henry Stickminであそぶしゅばあああああああああ！！！【ホロライブ/大空スバル】,303,308840,18274,73,2021-06-11,【 # 生 スバル 】 The   Henry   Stickmin で あそぶ し ゅばあああああああああ !!!【 ホロライブ / 大空 スバル 】
2021-06-08T13:37:47Z,RoFhQcpJ_l4,UCvzGlP9oQwU--Y0r9id_jnA,Subaru Ch. 大空スバル,【#生スバル】クリアまで！！びっくり系ホラゲー/Horror game【ホロライブ/大空スバル】,82,167387,9338,32,2021-06-08,【 # 生 スバル 】 クリア まで !! びっくり 系 ホラゲー / Horror   game 【 ホロライブ / 大空 スバル 】
2021-06-06T10:26:16Z,6oeLAo6DFHI,UCvzGlP9oQwU--Y0r9id_jnA,Subaru Ch. 大空スバル,【#4】DQシリーズ完全初見！ドラゴンクエスト8！！！【ホロライブ/大空スバル】※ネタバレあり,141,415098,14546,121,2021-06-06,【 # 4 】 DQ シリーズ 完全 初 見 ! ドラゴン クエスト 8 !!!【 ホロライブ / 大空 スバル 】 ※ ネタ バレ あり
2021-06-05T09:08:49Z,bIhIq8f5gjM,UCvzGlP9oQwU--Y0r9id_jnA,Subaru Ch. 大空スバル,【#3】DQシリーズ完全初見！ドラゴンクエスト8！！！【ホロライブ/大空スバル】※ネタバレあり,141,361443,11798,123,2021-06-05,【 # 3 】 DQ シリーズ 完全 初 見 ! ドラゴン クエスト 8 !!!【 ホロライブ / 大空 スバル 】 ※ ネタ バレ あり
2021-06-05T03:09:51Z,YFXr_KJapHI,UCvzGlP9oQwU--Y0r9id_jnA,Subaru Ch. 大空スバル,【#生スバル】おはスバ/Free Talk【ホロライブ/大空スバル】,79,227570,12961,53,2021-06-05,【 # 生 スバル 】 お は スバ / Free   Talk 【 ホロライブ / 大空 スバル 】
2021-06-04T12:08:51Z,8uB_hqKNF5k,UCvzGlP9oQwU--Y0r9id_jnA,Subaru Ch. 大空スバル,【#生スバル】びっくり系ホラゲー/Horror game【ホロライブ/大空スバル】,82,178707,11087,36,2021-06-04,【 # 生 スバル 】 びっくり 系 ホラゲー / Horror   game 【 ホロライブ / 大空 スバル 】
2021-06-03T12:08:24Z,0y3CkFyPcW4,UCvzGlP9oQwU--Y0r9id_jnA,Subaru Ch. 大空スバル,【#スバちょこルーナ】地獄くじ引き？！足つぼダンス？！？かかってこいや！！！！:subachocoruna 3D stream【ホロライブ】,531,627632,36964,133,2021-06-03,【 # スバ ちょこ ルーナ 】 地獄 くじ引き ?! 足 つ ぼ ダンス ?!? かかっ て こい や !!!!: subachocoruna   3 D   stream 【 ホロライブ 】
2021-06-01T15:12:12Z,m9IQH5WIGuQ,UCvzGlP9oQwU--Y0r9id_jnA,Subaru Ch. 大空スバル,【#生スバル】ハリーポッター賢者の石同時視聴会：Harry Potter and the Philosopher&#39;s Stone movie party!【ホロライブ/大空スバル】,106,178754,11314,42,2021-06-01,【 # 生 スバル 】 ハリーポッター 賢者 の 石 同時 視聴 会 : Harry   Potter   and   the   Philosopher &# 39 ; s   Stone   movie   party !【 ホロライブ / 大空 スバル 】
2021-05-30T09:55:31Z,Ov6KR0htGYA,UCvzGlP9oQwU--Y0r9id_jnA,Subaru Ch. 大空スバル,【#2】DQシリーズ完全初見！ドラゴンクエスト8！！！【ホロライブ/大空スバル】※ネタバレあり,155,448878,14322,126,2021-05-30,【 # 2 】 DQ シリーズ 完全 初 見 ! ドラゴン クエスト 8 !!!【 ホロライブ / 大空 スバル 】 ※ ネタ バレ あり
2021-05-29T08:21:32Z,r1Saj9-GHhg,UCvzGlP9oQwU--Y0r9id_jnA,Subaru Ch. 大空スバル,【#１】DQシリーズ完全初見！ドラゴンクエスト8！！！【ホロライブ/大空スバル】※ネタバレあり,293,518279,17293,172,2021-05-29,【 # 1 】 DQ シリーズ 完全 初 見 ! ドラゴン クエスト 8 !!!【 ホロライブ / 大空 スバル 】 ※ ネタ バレ あり
2021-05-29T02:46:29Z,u0GBcKzkZcs,UCvzGlP9oQwU--Y0r9id_jnA,Subaru Ch. 大空スバル,【#生スバル】おはスバ/Free Talk【ホロライブ/大空スバル】,176,284622,17219,54,2021-05-29,【 # 生 スバル 】 お は スバ / Free   Talk 【 ホロライブ / 大空 スバル 】
2021-05-28T12:18:43Z,kdI0vBpWFkQ,UCvzGlP9oQwU--Y0r9id_jnA,Subaru Ch. 大空スバル,【#ポントーク】ギリギリ！！！PONトーク！！！！！！/PON TALK【ホロライブ/みこスバ】,206,452358,23559,78,2021-05-28,【 # ポントーク 】 ギリギリ !!! PON トーク !!!!!!/ PON   TALK 【 ホロライブ / みこ スバ 】
2021-05-26T13:08:54Z,ByESAQZnQXk,UCvzGlP9oQwU--Y0r9id_jnA,Subaru Ch. 大空スバル,【#大空スバル新衣装】90万人記念新衣装大発表会/NEW OUT FIT【ホロライブ/大空スバル】,1853,937067,72546,264,2021-05-26,【 # 大空 スバル 新 衣装 】 90 万 人 記念 新 衣装 大 発表 会 / NEW   OUT   FIT 【 ホロライブ / 大空 スバル 】
2021-05-24T16:26:10Z,Oj1dunXOn3g,UCvzGlP9oQwU--Y0r9id_jnA,Subaru Ch. 大空スバル,【#最終回】バイオハザードヴィレッジ：Resident Evil Village【ホロライブ/大空スバル】,130,293169,15175,169,2021-05-24,【 # 最終 回 】 バイオハザードヴィレッジ : Resident   Evil   Village 【 ホロライブ / 大空 スバル 】
2021-05-24T12:08:18Z,5jyLefFYPyM,UCvzGlP9oQwU--Y0r9id_jnA,Subaru Ch. 大空スバル,【#生スバル】こっちが本当！第十回ソーセージレジェンド大会！！！：sausage legend【レート：1000↑】,124,211848,11109,51,2021-05-24,【 # 生 スバル 】 こっち が 本当 ! 第 十 回 ソーセージレジェンド 大会 !!!: sausage   legend 【 レート : 1000 ↑ 】
2021-05-23T10:58:41Z,PuvM9PNM8vI,UCvzGlP9oQwU--Y0r9id_jnA,Subaru Ch. 大空スバル,【#2】バイオハザードヴィレッジ：Resident Evil Village【ホロライブ/大空スバル】,138,337194,15819,89,2021-05-23,【 # 2 】 バイオハザードヴィレッジ : Resident   Evil   Village 【 ホロライブ / 大空 スバル 】
2021-05-22T10:56:48Z,aqbZ5jk5Tg0,UCvzGlP9oQwU--Y0r9id_jnA,Subaru Ch. 大空スバル,【#生スバル】バイオハザードヴィレッジ：Resident Evil Village【ホロライブ/大空スバル】,151,407668,19538,75,2021-05-22,【 # 生 スバル 】 バイオハザードヴィレッジ : Resident   Evil   Village 【 ホロライブ / 大空 スバル 】
2021-05-22T03:07:29Z,xAh1qYk6Wsc,UCvzGlP9oQwU--Y0r9id_jnA,Subaru Ch. 大空スバル,【#生スバル】おはようスバル：Free Talk【ホロライブ/大空スバル】,112,199250,13331,42,2021-05-22,【 # 生 スバル 】 おはよう スバル : Free   Talk 【 ホロライブ / 大空 スバル 】
2021-05-21T12:25:38Z,K6kJV6b3eqs,UCvzGlP9oQwU--Y0r9id_jnA,Subaru Ch. 大空スバル,【#生スバル】すいません！機材トラブルで来週になります！！！！：sausage legend【レート：1000↑】,143,93026,6242,68,2021-05-21,【 # 生 スバル 】 すいません ! 機材 トラブル で 来週 に なり ます !!!!: sausage   legend 【 レート : 1000 ↑ 】
2021-05-20T13:56:02Z,yp19LT9qJe4,UCvzGlP9oQwU--Y0r9id_jnA,Subaru Ch. 大空スバル,【#生スバル】2年間でスバ友はどう変わった？！リスナー調査しゅば！！！！：subaru lisner Reserch!!!!!!【ホロライブ/大空スバル】,163,217835,13700,50,2021-05-20,【 # 生 スバル 】 2 年間 で スバ 友 は どう 変わっ た ?! リスナー 調査 し ゅば !!!!: subaru   lisner   Reserch !!!!!!【 ホロライブ / 大空 スバル 】
2021-05-18T14:03:08Z,ZF08XhEAvmg,UCvzGlP9oQwU--Y0r9id_jnA,Subaru Ch. 大空スバル,【#holounggas #holobirds #ホロ鳥】鳥山（bird mountain）つくるしゅばあああああ！！！！/Reine&amp;Subaru Minecraft【大空スバル視点】,94,185453,13505,34,2021-05-18,【 # holounggas   # holobirds   # ホロ 鳥 】 鳥山 ( bird   mountain ) つくる し ゅばあああああ !!!!/ Reine & amp ; Subaru   Minecraft 【 大空 スバル 視点 】
2021-05-16T11:01:15Z,8J30L8myCKc,UCvzGlP9oQwU--Y0r9id_jnA,Subaru Ch. 大空スバル,【#17】グラブル第一章！完結！！！！！：granblue fantasy story【ホロライブ/大空スバル】,174,227366,12585,98,2021-05-16,【 # 17 】 グラブル 第 一 章 ! 完結 !!!!!: granblue   fantasy   story 【 ホロライブ / 大空 スバル 】
2021-05-15T11:51:16Z,HaKW7hxQJYM,UCvzGlP9oQwU--Y0r9id_jnA,Subaru Ch. 大空スバル,【#最終回】続きやるしゅばああああああ！！Duck May Cry！：DMC３【ホロライブ/大空スバル】,245,263108,13487,82,2021-05-15,【 # 最終 回 】 続き やる し ゅばああああああ !! Duck   May   Cry !: DMC 3 【 ホロライブ / 大空 スバル 】
2021-05-15T03:22:44Z,pWY59Zu13XI,UCvzGlP9oQwU--Y0r9id_jnA,Subaru Ch. 大空スバル,【#生スバル】おはようスバル/Free Talk【ホロライブ/大空スバル】,83,209951,13109,44,2021-05-15,【 # 生 スバル 】 おはよう スバル / Free   Talk 【 ホロライブ / 大空 スバル 】
2021-05-14T12:51:21Z,pGdQB7nPOi8,UCvzGlP9oQwU--Y0r9id_jnA,Subaru Ch. 大空スバル,【視聴者参加型】クイズバトルオンラインで勝負ちゅばあああああああああああああ！！！！！！！！！【】,54,148035,9844,50,2021-05-14,【 視聴 者 参加 型 】 クイズバトルオンライン で 勝負 ち ゅばあああああああああああああ !!!!!!!!!【】
2021-05-13T12:05:50Z,cNqbcr8jNHo,UCvzGlP9oQwU--Y0r9id_jnA,Subaru Ch. 大空スバル,【#生スバル】まいくらしゅばあああああああああああああ/マイクラ【ホロライブ/大空スバル】,273,255366,14625,122,2021-05-13,【 # 生 スバル 】 まい くらし ゅばあああああああああああああ / マイクラ 【 ホロライブ / 大空 スバル 】
2021-05-12T16:33:05Z,gLuIiQPfHQE,UCvzGlP9oQwU--Y0r9id_jnA,Subaru Ch. 大空スバル,【#生スバル】布教凸待ち/TOTUMACHI【ホロライブ/大空スバル】,120,354000,17477,93,2021-05-12,【 # 生 スバル 】 布教 凸 待ち / TOTUMACHI 【 ホロライブ / 大空 スバル 】
2021-05-09T08:20:43Z,P0Fq-bKdNro,UCvzGlP9oQwU--Y0r9id_jnA,Subaru Ch. 大空スバル,【#２】リベンジやるしゅばああああああ！！Duck May Cry！：DMC３【ホロライブ/大空スバル】,211,276929,13851,127,2021-05-09,【 # 2 】 リベンジ やる し ゅばああああああ !! Duck   May   Cry !: DMC 3 【 ホロライブ / 大空 スバル 】
2021-05-08T06:44:21Z,ruYrvVFdij4,UCvzGlP9oQwU--Y0r9id_jnA,Subaru Ch. 大空スバル,【#１】完全初見！悪魔退治やるしゅばああああああ！！！：DMC３【ホロライブ/大空スバル】,280,212085,11637,132,2021-05-08,【 # 1 】 完全 初 見 ! 悪魔 退治 やる し ゅばああああああ !!!: DMC 3 【 ホロライブ / 大空 スバル 】
2021-05-08T03:23:28Z,04Ic6Bl1glg,UCvzGlP9oQwU--Y0r9id_jnA,Subaru Ch. 大空スバル,【#生スバル】おはようスバル：FREE TALK【ホロライブ/大空スバル】,77,165583,11213,45,2021-05-08,【 # 生 スバル 】 おはよう スバル : FREE   TALK 【 ホロライブ / 大空 スバル 】
2021-05-07T13:08:48Z,4FpQSnIs26k,UCvzGlP9oQwU--Y0r9id_jnA,Subaru Ch. 大空スバル,【#生スバル】おかころの間に割り込みたいスバル：モーリーオンライン：claw machine game【たのじみ！！】,104,153058,9937,39,2021-05-07,【 # 生 スバル 】 おか ころ の 間 に 割り込み たい スバル : モーリーオンライン : claw   machine   game 【 た の じみ !!】
2021-05-05T09:11:42Z,yzVS_fl9rSU,UCvzGlP9oQwU--Y0r9id_jnA,Subaru Ch. 大空スバル,【#生スバル】お兄様！お姉さま大集合！！！行くぞ！！日経賞！！！/ UMAMUSUME【ホロライブ】,69,206267,10087,124,2021-05-05,【 # 生 スバル 】 お 兄 様 ! お 姉 さま 大 集合 !!! 行く ぞ !! 日経 賞 !!!/   UMAMUSUME 【 ホロライブ 】
2021-05-04T11:04:58Z,VSLp--YmgPQ,UCvzGlP9oQwU--Y0r9id_jnA,Subaru Ch. 大空スバル,【】歯の痛みをモンスターにぶつけるモンハンゲリラしゅばああああああああああああああ【】,131,275708,12758,80,2021-05-04,【 】 歯 の 痛み を モンスター に ぶつける モンハンゲリラ し ゅばああああああああああああああ 【 】
2021-05-02T08:09:56Z,lsygJhiTx2s,UCvzGlP9oQwU--Y0r9id_jnA,Subaru Ch. 大空スバル,【#生スバル】らいすしゃわ～～～～～～わ～～～～！！！！：UMA MUSUME【ホロライブ/大空スバル】,118,369142,14458,129,2021-05-02,【 # 生 スバル 】 らい すし ゃわわ !!!!: UMA   MUSUME 【 ホロライブ / 大空 スバル 】
2021-05-01T09:32:47Z,ji4eRk5WuxA,UCvzGlP9oQwU--Y0r9id_jnA,Subaru Ch. 大空スバル,【#生スバル】完全初見！？ウマ娘しゅばああああああああああ/UMAMUSUME【ホロライブ/大空スバル】,123,352741,12743,173,2021-05-01,【 # 生 スバル 】 完全 初 見 !? ウマ 娘 し ゅばああああああああああ / UMAMUSUME 【 ホロライブ / 大空 スバル 】
2021-05-01T06:05:10Z,ESu_muCBq6k,UCvzGlP9oQwU--Y0r9id_jnA,Subaru Ch. 大空スバル,【#生スバル】完全初見！？ウマ娘しゅばああああああああああ/UMAMUSUME【ホロライブ/大空スバル】,86,210022,10849,153,2021-05-01,【 # 生 スバル 】 完全 初 見 !? ウマ 娘 し ゅばああああああああああ / UMAMUSUME 【 ホロライブ / 大空 スバル 】
2021-05-01T01:32:35Z,zgzMM3B9YeY,UCvzGlP9oQwU--Y0r9id_jnA,Subaru Ch. 大空スバル,【】おはすば【】,171,124795,9009,22,2021-05-01,【 】 お はす ば 【 】
2021-04-30T14:42:55Z,pcpVmdvLGlk,UCvzGlP9oQwU--Y0r9id_jnA,Subaru Ch. 大空スバル,【#生スバル】うま娘が気になりすぎてガチ乗馬しにいったしゅばああああああレポ！！！！/Horseback riding experience report【】,99,167124,11585,39,2021-04-30,【 # 生 スバル 】 うま 娘 が 気 に なり すぎ て ガチ 乗馬 し に いっ た し ゅばああああああ レポ !!!!/ Horseback   riding   experience   report 【 】
2021-04-29T13:30:52Z,9Z81DQCERtU,UCvzGlP9oQwU--Y0r9id_jnA,Subaru Ch. 大空スバル,【#16】1章終盤！第三勢力登場？！なんだおめえら！！！！/gran blue fantasy【ホロライブ/大空スバル】,47,136291,9311,41,2021-04-29,【 # 16 】 1 章 終盤 ! 第 三 勢力 登場 ?! な ん だ お め えら !!!!/ gran   blue   fantasy 【 ホロライブ / 大空 スバル 】
2021-04-27T13:46:31Z,STmEvp2WTxc,UCvzGlP9oQwU--Y0r9id_jnA,Subaru Ch. 大空スバル,【#生スバル】バイオハザード7DLC END OF ZOE：RESIDENT EVIL 7 biohazard DLC【ホロライブ/大空スバル】,145,215079,13775,62,2021-04-27,【 # 生 スバル 】 バイオ ハザード 7 DLC   END   OF   ZOE : RESIDENT   EVIL   7   biohazard   DLC 【 ホロライブ / 大空 スバル 】
2021-04-26T12:45:59Z,WkOCD9o5EAM,UCvzGlP9oQwU--Y0r9id_jnA,Subaru Ch. 大空スバル,【】うおおおおおおおおおおおおお/my voice is.........【】,325,399171,26614,80,2021-04-26,【 】 う おお おお おお おお おお おお お / my   voice   is .........【】
2021-04-20T18:56:16Z,33Rdd1PHRkU,UCvzGlP9oQwU--Y0r9id_jnA,Subaru Ch. 大空スバル,【#２】鬼畜ゲー？！最難関Gルート耐久！：UNDERTALE【ホロライブ/大空スバル】,139,53268,2973,10,2021-04-20,【 # 2 】 鬼畜 ゲー ?! 最 難関 G ルート 耐久 !: UNDERTALE 【 ホロライブ / 大空 スバル 】
2021-04-20T13:25:32Z,Cq2U6XE8Y68,UCvzGlP9oQwU--Y0r9id_jnA,Subaru Ch. 大空スバル,【#最終回】鬼畜ゲー？！最難関Gルート耐久！本当の本当の最後！：UNDERTALE【ホロライブ/大空スバル】,130,43117,2921,16,2021-04-20,【 # 最終 回 】 鬼畜 ゲー ?! 最 難関 G ルート 耐久 ! 本当 の 本当 の 最後 !: UNDERTALE 【 ホロライブ / 大空 スバル 】
2021-04-18T12:52:43Z,bir5v6ey1P4,UCvzGlP9oQwU--Y0r9id_jnA,Subaru Ch. 大空スバル,【#生スバル】ロックマン２すばる！まじで最後！！！！！！：Megaman【ホロライブ/大空スバル】,189,152140,8803,47,2021-04-18,【 # 生 スバル 】 ロック マン 2 すばる ! まじ で 最後 !!!!!!: Megaman 【 ホロライブ / 大空 スバル 】
2021-04-18T11:22:23Z,cHDeTO2Bj0Q,UCvzGlP9oQwU--Y0r9id_jnA,Subaru Ch. 大空スバル,【#生スバル】ロックマン２すばる！クリアまで！！：Megaman【ホロライブ/大空スバル】,68,334629,13316,187,2021-04-18,【 # 生 スバル 】 ロック マン 2 すばる ! クリア まで !!: Megaman 【 ホロライブ / 大空 スバル 】
2021-04-17T13:13:47Z,GfYmvsRLAcE,UCvzGlP9oQwU--Y0r9id_jnA,Subaru Ch. 大空スバル,【#生スバル】リベンジ！！ロックマン２すばる！：Megaman【ホロライブ/大空スバル】,208,557129,18623,287,2021-04-17,【 # 生 スバル 】 リベンジ !! ロック マン 2 すばる !: Megaman 【 ホロライブ / 大空 スバル 】
2021-04-17T03:44:02Z,g5LH-XPQ_oQ,UCvzGlP9oQwU--Y0r9id_jnA,Subaru Ch. 大空スバル,【#生スバル】おはようスバル：FREE TALK【ホロライブ/大空スバル】,77,188038,12282,28,2021-04-17,【 # 生 スバル 】 おはよう スバル : FREE   TALK 【 ホロライブ / 大空 スバル 】
2021-04-16T13:31:28Z,Vzrq6ehJ_Oc,UCvzGlP9oQwU--Y0r9id_jnA,Subaru Ch. 大空スバル,【#生スバル​】バイオハザード7DLC Not a Hero：RESIDENT EVIL 7 biohazard【※ネタバレ有】,86,180673,10828,113,2021-04-16,【 # 生 スバル ​】 バイオ ハザード 7 DLC   Not   a   Hero : RESIDENT   EVIL   7   biohazard 【 ※ ネタ バレ 有 】
2021-04-13T11:04:59Z,kKwSqs5rZjI,UCvzGlP9oQwU--Y0r9id_jnA,Subaru Ch. 大空スバル,【#生スバル】初見実況！ロックマン２すばる！：Megaman【ホロライブ/大空スバル】,325,212434,10133,130,2021-04-13,【 # 生 スバル 】 初 見 実況 ! ロック マン 2 すばる !: Megaman 【 ホロライブ / 大空 スバル 】
2021-04-12T19:51:40Z,lHtlf0dygPM,UCvzGlP9oQwU--Y0r9id_jnA,Subaru Ch. 大空スバル,【#１】鬼畜ゲー？！最難関Gルート耐久！：UNDERTALE【ホロライブ/大空スバル】,186,87171,3815,30,2021-04-12,【 # 1 】 鬼畜 ゲー ?! 最 難関 G ルート 耐久 !: UNDERTALE 【 ホロライブ / 大空 スバル 】
2021-04-10T09:14:08Z,dNM_iJCGRDQ,UCvzGlP9oQwU--Y0r9id_jnA,Subaru Ch. 大空スバル,【♯15】リーシャと共に！！おひさし本編：GRANBLUE FANTASY【ホロライブ/大空スバル】,105,230562,10930,81,2021-04-10,【 ♯ 15 】 リーシャ と共に !! お ひさし 本編 : GRANBLUE   FANTASY 【 ホロライブ / 大空 スバル 】
2021-04-10T03:32:43Z,cTyPT0Zk4-M,UCvzGlP9oQwU--Y0r9id_jnA,Subaru Ch. 大空スバル,【#生スバル】おはようスバル：FREE TALK【ホロライブ/大空スバル】,98,192369,12640,66,2021-04-10,【 # 生 スバル 】 おはよう スバル : FREE   TALK 【 ホロライブ / 大空 スバル 】
2021-04-09T14:54:49Z,8OHLlG2aQTs,UCvzGlP9oQwU--Y0r9id_jnA,Subaru Ch. 大空スバル,【#ホロAmongUs​​​】まじでやばいすばう【ホロライブ/大空スバル視点】,80,239516,13165,63,2021-04-09,【 # ホロ AmongUs ​​​】 まじ で や ばいす ば う 【 ホロライブ / 大空 スバル 視点 】
2021-04-08T16:30:46Z,9FiX3Cjny4E,UCvzGlP9oQwU--Y0r9id_jnA,Subaru Ch. 大空スバル,【#生スバル】バイオハザード7最終回：RESIDENT EVIL 7 biohazard【ホロライブ/大空スバル】,158,314939,15974,110,2021-04-08,【 # 生 スバル 】 バイオ ハザード 7 最終 回 : RESIDENT   EVIL   7   biohazard 【 ホロライブ / 大空 スバル 】
2021-04-06T12:39:00Z,eCk6rDLSBvs,UCvzGlP9oQwU--Y0r9id_jnA,Subaru Ch. 大空スバル,【#生スバル】カプとれでクレーンゲームすばう/Game Center Crane Games【ホロライブ/大空スバル】,87,185182,10263,40,2021-04-06,【 # 生 スバル 】 カプ とれ で クレーン ゲーム す ば う / Game   Center   Crane   Games 【 ホロライブ / 大空 スバル 】
2021-04-05T14:35:28Z,0pEHPCJMQ08,UCvzGlP9oQwU--Y0r9id_jnA,Subaru Ch. 大空スバル,【#生スバル】バイオハザード7：RESIDENT EVIL 7 biohazard【ホロライブ/大空スバル】,153,329749,14907,105,2021-04-05,【 # 生 スバル 】 バイオ ハザード 7 : RESIDENT   EVIL   7   biohazard 【 ホロライブ / 大空 スバル 】
2021-04-04T09:51:50Z,TGOenZUIxd4,UCvzGlP9oQwU--Y0r9id_jnA,Subaru Ch. 大空スバル,【#生スバル】バイオハザード7：RESIDENT EVIL 7 biohazard【ホロライブ/大空スバル】,384,578365,22943,185,2021-04-04,【 # 生 スバル 】 バイオ ハザード 7 : RESIDENT   EVIL   7   biohazard 【 ホロライブ / 大空 スバル 】
2021-04-03T04:16:42Z,VW6SVPIiIvU,UCvzGlP9oQwU--Y0r9id_jnA,Subaru Ch. 大空スバル,【#生スバル】おはようスバル：FREE TALK【ホロライブ/大空スバル】,93,214612,12023,42,2021-04-03,【 # 生 スバル 】 おはよう スバル : FREE   TALK 【 ホロライブ / 大空 スバル 】
2021-04-01T12:45:03Z,VFQzN4iAmtI,UCvzGlP9oQwU--Y0r9id_jnA,Subaru Ch. 大空スバル,【】すばるの！全部ホントニュース！【】,102,287224,14987,55,2021-04-01,【 】 すばる の ! 全部 ホント ニュース !【】
2021-03-31T12:52:35Z,7S9XOJEzjao,UCvzGlP9oQwU--Y0r9id_jnA,Subaru Ch. 大空スバル,【#生スバル】帰ってきた！！！！！視聴者分の１！！！【ホロライブ/大空スバル】,82,247674,14458,52,2021-03-31,【 # 生 スバル 】 帰っ て き た !!!!! 視聴 者 分 の 1 !!!【 ホロライブ / 大空 スバル 】
2021-03-28T08:07:27Z,5EqyRq_LxCw,UCvzGlP9oQwU--Y0r9id_jnA,Subaru Ch. 大空スバル,【※ネタバレ有】絶体絶命都市２すばる：Raw Danger２【#生スバル​】,61,128507,7581,42,2021-03-28,【 ※ ネタ バレ 有 】 絶体絶命 都市 2 すばる : Raw   Danger 2 【# 生 スバル ​】
2021-03-27T09:11:35Z,6jyuDNoiDwk,UCvzGlP9oQwU--Y0r9id_jnA,Subaru Ch. 大空スバル,【※ネタバレ有】絶体絶命都市２すばる：Raw Danger２【#生スバル​】,54,162416,9302,54,2021-03-27,【 ※ ネタ バレ 有 】 絶体絶命 都市 2 すばる : Raw   Danger 2 【# 生 スバル ​】
2021-03-27T03:46:38Z,zpDBzH5NRqw,UCvzGlP9oQwU--Y0r9id_jnA,Subaru Ch. 大空スバル,【】おはようスバル：FREE TALK【】,74,180111,12946,37,2021-03-27,【 】 おはよう スバル : FREE   TALK 【 】
2021-03-25T13:26:50Z,y4ibE6Cl8hs,UCvzGlP9oQwU--Y0r9id_jnA,Subaru Ch. 大空スバル,【※ネタバレ有】絶体絶命都市２すばる：Raw Danger２【#生スバル】,70,165225,10114,46,2021-03-25,【 ※ ネタ バレ 有 】 絶体絶命 都市 2 すばる : Raw   Danger 2 【# 生 スバル 】
2021-03-24T13:48:03Z,lVxMMjDpJVs,UCvzGlP9oQwU--Y0r9id_jnA,Subaru Ch. 大空スバル,【80万人記念】大空警察！！：OOZORA Police【ホロライブ/大空スバル】,657,1067495,39093,354,2021-03-24,【 80 万 人 記念 】 大空 警察 !!: OOZORA   Police 【 ホロライブ / 大空 スバル 】
2021-03-23T13:44:46Z,BBRoezXqI3k,UCvzGlP9oQwU--Y0r9id_jnA,Subaru Ch. 大空スバル,【#生スバル】空気読みスバル：Air Reaging Game【ホロライブ/大空スバル】,107,203887,11822,53,2021-03-23,【 # 生 スバル 】 空気 読み スバル : Air   Reaging   Game 【 ホロライブ / 大空 スバル 】
2021-03-22T14:39:47Z,sz_Ela139rU,UCvzGlP9oQwU--Y0r9id_jnA,Subaru Ch. 大空スバル,【#最終回】完全初見！トリエル生存ルート！：UNDERTALE【ホロライブ/大空スバル】,142,54108,2898,21,2021-03-22,【 # 最終 回 】 完全 初 見 ! トリエル 生存 ルート !: UNDERTALE 【 ホロライブ / 大空 スバル 】
2021-03-22T13:52:04Z,qfq5Ve_Ir4Y,UCvzGlP9oQwU--Y0r9id_jnA,Subaru Ch. 大空スバル,【#３】完全初見！アンダーテール：UNDERTALE【ホロライブ/大空スバル】,121,36822,2320,9,2021-03-22,【 # 3 】 完全 初 見 ! アンダー テール : UNDERTALE 【 ホロライブ / 大空 スバル 】
2021-03-21T07:55:08Z,UhlKk6lxUOw,UCvzGlP9oQwU--Y0r9id_jnA,Subaru Ch. 大空スバル,【♯14】とりまトッポブで！スバル！！！！：GRANBLUE FANTASY【ホロライブ/大空スバル】,138,220922,10285,63,2021-03-21,【 ♯ 14 】 とり ま トッポブ で ! スバル !!!!: GRANBLUE   FANTASY 【 ホロライブ / 大空 スバル 】
2021-03-20T12:40:07Z,GctNU3HG2SQ,UCvzGlP9oQwU--Y0r9id_jnA,Subaru Ch. 大空スバル,【大空スバル視点】女登呂温泉・湯けむり殺人事件【ホロミス劇場】,61,235129,10133,105,2021-03-20,【 大空 スバル 視点 】 女 登呂 温泉 ・ 湯けむり 殺人 事件 【 ホロミス 劇場 】
2021-03-20T05:52:42Z,3m9OsJ3n3gQ,UCvzGlP9oQwU--Y0r9id_jnA,Subaru Ch. 大空スバル,【♯13】グラブル100連ガチャ！：GRANBLUE FANTASY【ホロライブ/大空スバル】,121,164498,7203,240,2021-03-20,【 ♯ 13 】 グラブル 100 連 ガチャ !: GRANBLUE   FANTASY 【 ホロライブ / 大空 スバル 】
2021-03-20T03:22:35Z,1fT_wz7X8TM,UCvzGlP9oQwU--Y0r9id_jnA,Subaru Ch. 大空スバル,【#生スバル】おはようスバル：FREE TALK【ホロライブ/大空スバル】,63,151614,10889,33,2021-03-20,【 # 生 スバル 】 おはよう スバル : FREE   TALK 【 ホロライブ / 大空 スバル 】
2021-03-19T14:27:21Z,CHvZk19prog,UCvzGlP9oQwU--Y0r9id_jnA,Subaru Ch. 大空スバル,【#生スバル】マイクラおさんぽ建築スバル：MINECRAFT【ホロライブ/大空スバル】,127,186438,12338,46,2021-03-19,【 # 生 スバル 】 マイクラ お さんぽ 建築 スバル : MINECRAFT 【 ホロライブ / 大空 スバル 】
2021-03-18T13:16:28Z,rRhLCP2ykig,UCvzGlP9oQwU--Y0r9id_jnA,Subaru Ch. 大空スバル,【#生スバル】アイドルのレッスンってなにすんの？：What are you doing in idol lessons?【ホロリブ/大空スバル】,72,156685,12502,44,2021-03-18,【 # 生 スバル 】 アイドル の レッスン ってな に すん の ?: What   are   you   doing   in   idol   lessons ?【 ホロリブ / 大空 スバル 】
2021-03-16T14:14:36Z,tWG53VJzPHg,UCvzGlP9oQwU--Y0r9id_jnA,Subaru Ch. 大空スバル,【#ミオスバ】第1回　俺の考えるホロライブ最強企画【大空スバル/大神ミオ】,151,286792,14220,75,2021-03-16,【 # ミオスバ 】 第 1 回 俺 の 考える ホロライブ 最強 企画 【 大空 スバル / 大神 ミオ 】
2021-03-14T09:15:47Z,zrIDw5iR2x0,UCvzGlP9oQwU--Y0r9id_jnA,Subaru Ch. 大空スバル,【♯12】お覚悟！！！フリーシア&amp;マリス！！！！：GRANBLUE FANTASY【ホロライブ/大空スバル】,157,223882,9608,70,2021-03-14,【 ♯ 12 】 お 覚悟 !!! フリーシア & amp ; マリス !!!!: GRANBLUE   FANTASY 【 ホロライブ / 大空 スバル 】
2021-03-13T10:07:19Z,85sC99YUkt4,UCvzGlP9oQwU--Y0r9id_jnA,Subaru Ch. 大空スバル,【#最終回】零～眞紅の蝶～をするスバル：PROJECT ZERO 2 Wii EDITION【初見実況】,88,163627,10312,31,2021-03-13,【 # 最終 回 】 零 眞 紅 の 蝶 を する スバル : PROJECT   ZERO   2   Wii   EDITION 【 初 見 実況 】
2021-03-13T03:19:29Z,TxhywIY2QHw,UCvzGlP9oQwU--Y0r9id_jnA,Subaru Ch. 大空スバル,【#生スバル】おはようスバル：FREE TALK【ホロライブ/大空スバル】,81,165140,11385,28,2021-03-13,【 # 生 スバル 】 おはよう スバル : FREE   TALK 【 ホロライブ / 大空 スバル 】
2021-03-12T13:29:06Z,YIpJ_x76xhg,UCvzGlP9oQwU--Y0r9id_jnA,Subaru Ch. 大空スバル,【#生スバル】１時間で何キロやせる！？リングフィットアドベンチャー！：Ring Fit Adventure【ホロライブ/大空スバル】,267,206602,14776,31,2021-03-12,【 # 生 スバル 】 1 時間 で 何 キロ やせる !? リングフィットアドベンチャー !: Ring   Fit   Adventure 【 ホロライブ / 大空 スバル 】
2021-03-11T14:39:29Z,eEA5zA0GkfM,UCvzGlP9oQwU--Y0r9id_jnA,Subaru Ch. 大空スバル,【#ホロ鳥 / #holobirds】KFP3号店作るちゅば！！！！：MINE CRAFT【大空スバル視点】,84,182754,13778,40,2021-03-11,【 # ホロ 鳥 /   # holobirds 】 KFP 3 号 店 作る ち ゅば !!!!: MINE   CRAFT 【 大空 スバル 視点 】
2021-03-09T12:57:25Z,pWhfMalZMaw,UCvzGlP9oQwU--Y0r9id_jnA,Subaru Ch. 大空スバル,【#２】完全初見！アンダーテール：UNDERTALE【ホロライブ/大空スバル】,171,55383,2771,17,2021-03-09,【 # 2 】 完全 初 見 ! アンダー テール : UNDERTALE 【 ホロライブ / 大空 スバル 】
2021-03-09T12:49:19Z,qQdHnA2-O_Y,UCvzGlP9oQwU--Y0r9id_jnA,Subaru Ch. 大空スバル,【#１】完全初見！！アンダーテールする！！！：UNDERTALE【ホロライブ/大空スバル】,416,82567,3977,32,2021-03-09,【 # 1 】 完全 初 見 !! アンダー テール する !!!: UNDERTALE 【 ホロライブ / 大空 スバル 】
2021-03-07T16:19:30Z,SSPtVsGRcjI,UCvzGlP9oQwU--Y0r9id_jnA,Subaru Ch. 大空スバル,【#生スバル】つぐのひすばる：TUGUNOHI【ホロライブ/大空スバル】,117,264075,12344,48,2021-03-07,【 # 生 スバル 】 つ ぐのひすばる : TUGUNOHI 【 ホロライブ / 大空 スバル 】
2021-03-06T15:43:42Z,HI9HKcUf51k,UCvzGlP9oQwU--Y0r9id_jnA,Subaru Ch. 大空スバル,【#生スバル】おやすみスバル：FREE TALK【ホロライブ/大空スバル】,92,129614,9608,27,2021-03-06,【 # 生 スバル 】 おやすみ スバル : FREE   TALK 【 ホロライブ / 大空 スバル 】
2021-03-03T12:08:23Z,SiXUqwCTmuA,UCvzGlP9oQwU--Y0r9id_jnA,Subaru Ch. 大空スバル,【運営公認】秘密を暴け！大空スバル探偵事務所！：OOZORA Detective agency investigate the secrets of the Hololive audition🐣,248,269199,18734,48,2021-03-03,【 運営 公認 】 秘密 を 暴け ! 大空 スバル 探偵 事務所 !: OOZORA   Detective   agency   investigate   the   secrets   of   the   Hololive   audition 🐣
2021-03-02T11:08:16Z,F6n6x-8ZBBU,UCvzGlP9oQwU--Y0r9id_jnA,Subaru Ch. 大空スバル,【♯10】オルキスちゃんを救いたい：GRANBLUE FANTASY【ホロライブ/大空スバル】,63,115692,7106,36,2021-03-02,【 ♯ 10 】 オルキス ちゃん を 救い たい : GRANBLUE   FANTASY 【 ホロライブ / 大空 スバル 】
2021-02-27T06:20:47Z,1FcShCHRS8o,UCvzGlP9oQwU--Y0r9id_jnA,Subaru Ch. 大空スバル,【#３】零～眞紅の蝶～をするスバル：PROJECT ZERO 2 Wii EDITION【初見実況】,65,108979,7792,22,2021-02-27,【 # 3 】 零 眞 紅 の 蝶 を する スバル : PROJECT   ZERO   2   Wii   EDITION 【 初 見 実況 】
2021-02-27T03:22:29Z,Y2g-ucwPcrw,UCvzGlP9oQwU--Y0r9id_jnA,Subaru Ch. 大空スバル,【♯生スバル】おはようスバル：Free  Talk【ホロライブ：大空スバル】,98,248360,15329,24,2021-02-27,【 ♯ 生 スバル 】 おはよう スバル : Free   Talk 【 ホロライブ : 大空 スバル 】
2021-02-26T09:56:13Z,j4dX1wGpMjc,UCvzGlP9oQwU--Y0r9id_jnA,Subaru Ch. 大空スバル,初期スバル：Pure SUBARU,2065,383672,47583,40,2021-02-26,初期 スバル : Pure   SUBARU
2021-02-25T12:37:44Z,8WzZjLlVOpc,UCvzGlP9oQwU--Y0r9id_jnA,Subaru Ch. 大空スバル,【♯生スバル】今日はバナナでキメる：Sausage  Legend【レート1000↑】,120,190428,11628,40,2021-02-25,【 ♯ 生 スバル 】 今日 は バナナ で キメる : Sausage   Legend 【 レート 1000 ↑ 】
2021-02-21T13:13:15Z,toQoiiwyGjU,UCvzGlP9oQwU--Y0r9id_jnA,Subaru Ch. 大空スバル,ランダムスバル：ramdom subaru,2201,442736,46867,40,2021-02-21,ランダム スバル : ramdom   subaru
2021-02-21T09:23:26Z,08g-NSTNPVY,UCvzGlP9oQwU--Y0r9id_jnA,Subaru Ch. 大空スバル,【#２】零～眞紅の蝶～をするスバル：PROJECT ZERO 2 Wii EDITION【初見実況】,59,216722,10327,28,2021-02-21,【 # 2 】 零 眞 紅 の 蝶 を する スバル : PROJECT   ZERO   2   Wii   EDITION 【 初 見 実況 】
2021-02-20T09:31:14Z,e92qKH9kpEU,UCvzGlP9oQwU--Y0r9id_jnA,Subaru Ch. 大空スバル,【初見実況】零～眞紅の蝶～をするスバル：PROJECT ZERO 2 Wii EDITION【ホロライブ/大空スバル】,113,275304,13014,55,2021-02-20,【 初 見 実況 】 零 眞 紅 の 蝶 を する スバル : PROJECT   ZERO   2   Wii   EDITION 【 ホロライブ / 大空 スバル 】
2021-02-20T04:14:59Z,d6ouim9ZsyI,UCvzGlP9oQwU--Y0r9id_jnA,Subaru Ch. 大空スバル,【#生スバル】おはようスバル：FREE TALK【ホロライブ/大空スバル】,81,199002,12496,34,2021-02-20,【 # 生 スバル 】 おはよう スバル : FREE   TALK 【 ホロライブ / 大空 スバル 】
2021-02-18T13:48:48Z,_mggdfxxEmQ,UCvzGlP9oQwU--Y0r9id_jnA,Subaru Ch. 大空スバル,【#生スバル】スバるしマイクラ！！！！：rusia&amp;subaru minecraft【ホロライブ/大空スバル】,142,294237,15877,43,2021-02-18,【 # 生 スバル 】 スバ る し マイクラ !!!!: rusia & amp ; subaru   minecraft 【 ホロライブ / 大空 スバル 】
2021-02-18T10:04:59Z,bRXQwAGNCso,UCvzGlP9oQwU--Y0r9id_jnA,Subaru Ch. 大空スバル,【※告知有】Bloombありがとうございましあ！！：thanks for Bloom!【】,78,107528,8224,9,2021-02-18,【 ※ 告知 有 】 Bloomb ありがとう ござい まし あ !!: thanks   for   Bloom !【】
2021-02-16T12:44:49Z,3gOhLstrTvs,UCvzGlP9oQwU--Y0r9id_jnA,Subaru Ch. 大空スバル,【#生スバル】ライブ直前！？DEATHルーレットASMR💛【ホロライブ/大空スバル】,365,326207,20684,49,2021-02-16,【 # 生 スバル 】 ライブ 直前 !? DEATH ルーレット ASMR 💛 【 ホロライブ / 大空 スバル 】
2021-02-14T14:26:49Z,L9TxWjDrZoM,UCvzGlP9oQwU--Y0r9id_jnA,Subaru Ch. 大空スバル,【#生スバル】グリームニルガチャ：GRANBLUE FANTASY【ホロライブ/大空スバル】,203,246813,14872,263,2021-02-14,【 # 生 スバル 】 グリームニルガチャ : GRANBLUE   FANTASY 【 ホロライブ / 大空 スバル 】
2021-02-14T03:29:23Z,ryUa-7_ylUo,UCvzGlP9oQwU--Y0r9id_jnA,Subaru Ch. 大空スバル,【】おはようスバル：FREE TALK【】,91,174569,10900,36,2021-02-14,【 】 おはよう スバル : FREE   TALK 【 】
2021-02-13T09:36:29Z,9G9_dcjYN1E,UCvzGlP9oQwU--Y0r9id_jnA,Subaru Ch. 大空スバル,【#１１】最終回！！！！！！！！！：The Legend of Zelda: Majora&#39;s Mask【ホロライブ/大空スバル】,144,160408,7279,71,2021-02-13,【 # 11 】 最終 回 !!!!!!!!!: The   Legend   of   Zelda :   Majora &# 39 ; s   Mask 【 ホロライブ / 大空 スバル 】
2021-02-12T16:37:00Z,qWetncnJG_M,UCvzGlP9oQwU--Y0r9id_jnA,Subaru Ch. 大空スバル,【MINECRAFT】そろそろ納品？！台所と脱衣所つくるぞ！！【ホロライブ/大空スバル】,126,336601,13653,65,2021-02-12,【 MINECRAFT 】 そろそろ 納品 ?! 台所 と 脱衣 所 つくる ぞ !!【 ホロライブ / 大空 スバル 】
2021-02-10T14:09:36Z,pGdfRRUGbzI,UCvzGlP9oQwU--Y0r9id_jnA,Subaru Ch. 大空スバル,【#９】頼む…服を着ててくれ…ラビ島編！：GRANBLUE FANTASY【ホロライブ/大空スバル】,65,144598,7644,54,2021-02-10,【 # 9 】 頼む … 服 を 着 て て くれ … ラビ 島 編 !: GRANBLUE   FANTASY 【 ホロライブ / 大空 スバル 】
2021-02-09T15:41:56Z,RtNh2VNJm-I,UCvzGlP9oQwU--Y0r9id_jnA,Subaru Ch. 大空スバル,【#アイドルデス】Bloom!アイドルDEATH GAME【ホロライブ】,127,366558,18416,99,2021-02-09,【 # アイドルデス 】 Bloom ! アイドル DEATH   GAME 【 ホロライブ 】
2021-02-08T15:52:26Z,k8QM0GXYuDQ,UCvzGlP9oQwU--Y0r9id_jnA,Subaru Ch. 大空スバル,【#生スバル】70万登録感謝祭！！！ふりーだむ！【ホロライブ/大空スバル】,216,241340,16665,49,2021-02-08,【 # 生 スバル 】 70 万 登録 感謝 祭 !!! ふり ー だ む !【 ホロライブ / 大空 スバル 】
2021-02-06T08:24:09Z,LDp7tPX1yrU,UCvzGlP9oQwU--Y0r9id_jnA,Subaru Ch. 大空スバル,【#10】仮面集める！！！：The Legend of Zelda: Majora&#39;s Mask【ホロライブ/大空スバル】,53,139235,7679,41,2021-02-06,【 # 10 】 仮面 集める !!!: The   Legend   of   Zelda :   Majora &# 39 ; s   Mask 【 ホロライブ / 大空 スバル 】
2021-02-06T03:14:24Z,07AzK6levMM,UCvzGlP9oQwU--Y0r9id_jnA,Subaru Ch. 大空スバル,【#生スバル】おはようスバル！：Free Talk【大空スバル/ホロライブ】,71,150707,10252,23,2021-02-06,【 # 生 スバル 】 おはよう スバル !: Free   Talk 【 大空 スバル / ホロライブ 】
2021-02-05T13:30:21Z,qUB3ps86mOE,UCvzGlP9oQwU--Y0r9id_jnA,Subaru Ch. 大空スバル,【#８】黒騎士逮捕ってマジ？：GRANBLUE FANTASY【ホロライブ/大空スバル】,79,155474,7959,60,2021-02-05,【 # 8 】 黒 騎士 逮捕 って マジ ?: GRANBLUE   FANTASY 【 ホロライブ / 大空 スバル 】
2021-02-03T13:53:16Z,MhRRfZHevug,UCvzGlP9oQwU--Y0r9id_jnA,Subaru Ch. 大空スバル,【MINECRAFT】やばい・・・part3【ホロライブ/大空スバル】,77,265294,11726,49,2021-02-03,【 MINECRAFT 】 やばい ・ ・ ・ part 3 【 ホロライブ / 大空 スバル 】
2021-02-02T15:03:14Z,sDYIpRyEvNo,UCvzGlP9oQwU--Y0r9id_jnA,Subaru Ch. 大空スバル,【MINECRAFT】やばい・・・Part2【ホロライブ/大空スバル】,100,355464,15608,103,2021-02-02,【 MINECRAFT 】 やばい ・ ・ ・ Part 2 【 ホロライブ / 大空 スバル 】
2021-01-31T08:54:34Z,hcjnO7-Y2GI,UCvzGlP9oQwU--Y0r9id_jnA,Subaru Ch. 大空スバル,【#9】最難関？！ロックビル！！！：The Legend of Zelda: Majora&#39;s Mask【ホロライブ/大空スバル】,53,151662,8025,55,2021-01-31,【 # 9 】 最 難関 ?! ロック ビル !!!: The   Legend   of   Zelda :   Majora &# 39 ; s   Mask 【 ホロライブ / 大空 スバル 】
2021-01-30T09:20:16Z,b2lVLn-z5yM,UCvzGlP9oQwU--Y0r9id_jnA,Subaru Ch. 大空スバル,【#8】最難関？！谷で神殿をみつけよ！：The Legend of Zelda: Majora&#39;s Mask【ホロライブ/大空スバル】,52,132437,6887,56,2021-01-30,【 # 8 】 最 難関 ?! 谷 で 神殿 を みつけよ !: The   Legend   of   Zelda :   Majora &# 39 ; s   Mask 【 ホロライブ / 大空 スバル 】
2021-01-30T03:25:28Z,rA5MQyrW0EY,UCvzGlP9oQwU--Y0r9id_jnA,Subaru Ch. 大空スバル,【#生スバル】おはようスバル：ＦＲＥＥＴＡＬＫ【ホロライブ/大空スバル】,63,151283,10390,26,2021-01-30,【 # 生 スバル 】 おはよう スバル : FREETALK 【 ホロライブ / 大空 スバル 】
2021-01-28T15:04:47Z,2AaCaCoRMB0,UCvzGlP9oQwU--Y0r9id_jnA,Subaru Ch. 大空スバル,【#７】明かされるラカムの過去！？：GRANBLUE FANTASY【ホロライブ/大空スバル】,92,153189,8888,52,2021-01-28,【 # 7 】 明かさ れる ラカム の 過去 !?: GRANBLUE   FANTASY 【 ホロライブ / 大空 スバル 】
2021-01-26T15:15:51Z,6U0pTdoOjiA,UCvzGlP9oQwU--Y0r9id_jnA,Subaru Ch. 大空スバル,【MINECRAFT】やばい・・・【ホロライブ/大空スバル】,163,372529,17218,96,2021-01-26,【 MINECRAFT 】 やばい ・ ・ ・ 【 ホロライブ / 大空 スバル 】
2021-01-24T08:53:20Z,SStQvFj42nw,UCvzGlP9oQwU--Y0r9id_jnA,Subaru Ch. 大空スバル,【#7】仮面集めーー！！！！：The Legend of Zelda: Majora&#39;s Mask【ホロライブ/大空スバル】,79,174283,9562,53,2021-01-24,【 # 7 】 仮面 集め ー !!!!: The   Legend   of   Zelda :   Majora &# 39 ; s   Mask 【 ホロライブ / 大空 スバル 】
2021-01-23T08:46:29Z,02WC5ZNwaIw,UCvzGlP9oQwU--Y0r9id_jnA,Subaru Ch. 大空スバル,【#6】グレートベイの神殿攻略！！：The Legend of Zelda: Majora&#39;s Mask【ホロライブ/大空スバル】,63,150694,7991,43,2021-01-23,【 # 6 】 グレート ベイ の 神殿 攻略 !!: The   Legend   of   Zelda :   Majora &# 39 ; s   Mask 【 ホロライブ / 大空 スバル 】
2021-01-23T03:34:55Z,v-hFx0gSMNw,UCvzGlP9oQwU--Y0r9id_jnA,Subaru Ch. 大空スバル,【#生スバル】おはようすばる雑談：Free Talk【ホロライブ/大空スバル】,96,219136,12515,29,2021-01-23,【 # 生 スバル 】 おはよう すばる 雑談 : Free   Talk 【 ホロライブ / 大空 スバル 】
2021-01-21T14:02:35Z,ujtn9sZdcWQ,UCvzGlP9oQwU--Y0r9id_jnA,Subaru Ch. 大空スバル,【#６】霧の島ガロンゾ？いくちゅば！！：GRANBLUE FANTASY【ホロライブ/大空スバル】,118,161678,9306,46,2021-01-21,【 # 6 】 霧 の 島 ガロンゾ ? い くち ゅば !!: GRANBLUE   FANTASY 【 ホロライブ / 大空 スバル 】
2021-01-20T13:14:36Z,zA9P6LGLDSw,UCvzGlP9oQwU--Y0r9id_jnA,Subaru Ch. 大空スバル,【ミオスバ】初心忘れるべからず【今日地獄です】,203,418911,18850,69,2021-01-20,【 ミオスバ 】 初心 忘れる べから ず 【 今日 地獄 です 】
2021-01-17T09:21:35Z,0KLnCy691Ts,UCvzGlP9oQwU--Y0r9id_jnA,Subaru Ch. 大空スバル,【#5】海の神殿にいくぞ！！！ムジュラの仮面！！：The Legend of Zelda: Majora&#39;s Mask【ホロライブ/大空スバル】,80,146599,7505,42,2021-01-17,【 # 5 】 海 の 神殿 に いく ぞ !!! ムジュラ の 仮面 !!: The   Legend   of   Zelda :   Majora &# 39 ; s   Mask 【 ホロライブ / 大空 スバル 】
2021-01-15T14:32:50Z,YiS-Uo2krN0,UCvzGlP9oQwU--Y0r9id_jnA,Subaru Ch. 大空スバル,【#生スバル】３Ｄおやすみすばる：Free Talk【ホロライブ/大空スバル】,170,212659,15304,54,2021-01-15,【 # 生 スバル 】 3 D おやすみ すばる : Free   Talk 【 ホロライブ / 大空 スバル 】
2021-01-14T14:07:45Z,G3oe0xYs9DQ,UCvzGlP9oQwU--Y0r9id_jnA,Subaru Ch. 大空スバル,【#５】明かされる最推しの過去？！：GRANBLUE FANTASY【ホロライブ/大空スバル】,112,194974,11148,64,2021-01-14,【 # 5 】 明かさ れる 最 推し の 過去 ?!: GRANBLUE   FANTASY 【 ホロライブ / 大空 スバル 】
2021-01-12T14:35:18Z,nW_iu41RoEQ,UCvzGlP9oQwU--Y0r9id_jnA,Subaru Ch. 大空スバル,【#ホロL4D2】８人対戦Ｌ４Ｄ２で大暴れするちゅば！！！！！！！！【ＦＡＭＳ視点】,152,424087,19598,88,2021-01-12,【 # ホロ L 4 D 2 】 8 人 対戦 L 4 D 2 で 大 暴れ する ち ゅば !!!!!!!!【 FAMS 視点 】
2021-01-11T14:03:48Z,OrR_qVytQ74,UCvzGlP9oQwU--Y0r9id_jnA,Subaru Ch. 大空スバル,【#ホロお正月CUP​】がんばる！！！！！！！！！！！！！！！！！【ホロライブ/大空スバル】,101,273744,13107,40,2021-01-11,【 # ホロ お正月 CUP ​】 がんばる !!!!!!!!!!!!!!!!!【 ホロライブ / 大空 スバル 】
2021-01-10T17:20:00Z,xhQc8VsXkWY,UCvzGlP9oQwU--Y0r9id_jnA,Subaru Ch. 大空スバル,【#おかあくすば】おかゆあくあすばる合同練習会【ホロライブ/大空スバル】,55,128714,6450,22,2021-01-10,【 # おか あ くす ば 】 おかゆ あく あ すばる 合同 練習 会 【 ホロライブ / 大空 スバル 】
2021-01-10T13:09:08Z,GpqsMTUmjB0,UCvzGlP9oQwU--Y0r9id_jnA,Subaru Ch. 大空スバル,【 #雑ホロ杯 /マリカDX8​】行くぞおおおおおおおおお！！【ホロライブ/大空スバル】,36,94685,6385,13,2021-01-10,【 # 雑 ホロ 杯 / マリカ DX 8 ​】 行く ぞ おお おお おお おお お !!【 ホロライブ / 大空 スバル 】
2021-01-10T08:54:22Z,kmNJpxY8lrQ,UCvzGlP9oQwU--Y0r9id_jnA,Subaru Ch. 大空スバル,【#４】スノーヘッドの神殿！！ムジュラの仮面！！：The Legend of Zelda: Majora&#39;s Mask【ホロライブ/大空スバル】,46,138824,6399,39,2021-01-10,【 # 4 】 スノーヘッド の 神殿 !! ムジュラ の 仮面 !!: The   Legend   of   Zelda :   Majora &# 39 ; s   Mask 【 ホロライブ / 大空 スバル 】
2021-01-09T08:16:56Z,puxgwmeJZhk,UCvzGlP9oQwU--Y0r9id_jnA,Subaru Ch. 大空スバル,【#3】ムジュラの仮面やる！！！！！！！！！【ホロライブ/大空スバル】,48,129612,6324,35,2021-01-09,【 # 3 】 ムジュラ の 仮面 やる !!!!!!!!!【 ホロライブ / 大空 スバル 】
2021-01-09T03:13:34Z,0Qv9v0QYei4,UCvzGlP9oQwU--Y0r9id_jnA,Subaru Ch. 大空スバル,【】おはようスバル【】,108,133653,10509,39,2021-01-09,【 】 おはよう スバル 【 】
2021-01-08T14:50:31Z,hUYBu5TY5uA,UCvzGlP9oQwU--Y0r9id_jnA,Subaru Ch. 大空スバル,【#生スバル】映画オタクとみるエイリアン２：alian2 the theatrical (1986：137minutes)【ホロライブ/大空スバル】,73,73639,6193,17,2021-01-08,【 # 生 スバル 】 映画 オタク と みる エイリアン 2 : alian 2   the   theatrical   ( 1986 : 137 minutes )【 ホロライブ / 大空 スバル 】
2021-01-07T13:57:03Z,OLd5osYw8_g,UCvzGlP9oQwU--Y0r9id_jnA,Subaru Ch. 大空スバル,【#４】ガチャピンとムックに会いたいグランブルーファンタジースバル：GRANBLUE FANTASY【ホロライブ/大空スバル】,107,221291,9702,90,2021-01-07,【 # 4 】 ガチャピン と ムック に 会い たい グランブルーファンタジースバル : GRANBLUE   FANTASY 【 ホロライブ / 大空 スバル 】
2021-01-07T11:33:15Z,3VH_dPFUEa4,UCvzGlP9oQwU--Y0r9id_jnA,Subaru Ch. 大空スバル,【#生スバル】FALL GUYS SUBARU：新シーズン来てたらしい！！【ホロライブ/大空スバル】,35,101457,7969,23,2021-01-07,【 # 生 スバル 】 FALL   GUYS   SUBARU : 新 シーズン 来 て たらしい !!【 ホロライブ / 大空 スバル 】
2021-01-06T11:35:35Z,Pbderb4EHC8,UCvzGlP9oQwU--Y0r9id_jnA,Subaru Ch. 大空スバル,【#生スバル】マリカ大会前ガチ練習：視聴者参加型スナイプ歓迎【ホロライブ/大空スバル】,39,113037,6855,21,2021-01-06,【 # 生 スバル 】 マリカ 大会 前 ガチ 練習 : 視聴 者 参加 型 スナイプ 歓迎 【 ホロライブ / 大空 スバル 】
2021-01-05T16:10:59Z,DWD8Kji1-q0,UCvzGlP9oQwU--Y0r9id_jnA,Subaru Ch. 大空スバル,【ホラゲー】この家なんかおかしいぞ！！！！House on the Hill【ホロライブ/大空スバル】,84,214967,12215,37,2021-01-05,【 ホラゲー 】 この 家 なんか おかしい ぞ !!!! House   on   the   Hill 【 ホロライブ / 大空 スバル 】
2021-01-03T11:07:15Z,uCx_dHfisKI,UCvzGlP9oQwU--Y0r9id_jnA,Subaru Ch. 大空スバル,【#生スバル】視聴者参加型マリカー！！かかってこいやぁ！！！！【ホロライブ/大空スバル】,50,131953,6476,21,2021-01-03,【 # 生 スバル 】 視聴 者 参加 型 マリ カー !! かかっ て こい やぁ !!!!【 ホロライブ / 大空 スバル 】
2021-01-03T08:12:32Z,2D9u_lKeNKA,UCvzGlP9oQwU--Y0r9id_jnA,Subaru Ch. 大空スバル,【#2】怖い月がやってくる？！？シリーズ難関！ムジュラの仮面【ホロライブ/大空スバル】,51,155853,7073,36,2021-01-03,【 # 2 】 怖い 月 が やってくる ?!? シリーズ 難関 ! ムジュラ の 仮面 【 ホロライブ / 大空 スバル 】
2021-01-02T09:29:56Z,0zirp371ZXs,UCvzGlP9oQwU--Y0r9id_jnA,Subaru Ch. 大空スバル,【#１】怖い月がやってくる？！？シリーズ難関！ムジュラの仮面【ホロライブ/大空スバル】,76,202796,8994,42,2021-01-02,【 # 1 】 怖い 月 が やってくる ?!? シリーズ 難関 ! ムジュラ の 仮面 【 ホロライブ / 大空 スバル 】
2021-01-01T15:40:28Z,FICUlVwL_9c,UCvzGlP9oQwU--Y0r9id_jnA,Subaru Ch. 大空スバル,【雑談】あけた～～～！！！！やった～～！！！！【】,46,126238,9161,27,2021-01-01,【 雑談 】 あけ た !!!! やっ た !!!!【】
2021-01-01T12:11:19Z,ABgstfN5viI,UCvzGlP9oQwU--Y0r9id_jnA,Subaru Ch. 大空スバル,🍉【#生スバル】正月運試し！ソセレ！！！！後半ゲストあり？！？！？！：SausageLegend【レート：100~】 🍉,96,223324,12935,56,2021-01-01,🍉 【# 生 スバル 】 正月 運 試し ! ソセレ !!!! 後半 ゲスト あり ?!?!?!: SausageLegend 【 レート : 100 】 🍉
2021-01-01T11:19:33Z,5-DJxNOHIrs,UCvzGlP9oQwU--Y0r9id_jnA,Subaru Ch. 大空スバル,【#生スバル】正月運試し！ソセレ！！！！後半ゲストあり？！？！？！：SausageLegend【レート：1000~】,40,91077,6355,19,2021-01-01,【 # 生 スバル 】 正月 運 試し ! ソセレ !!!! 後半 ゲスト あり ?!?!?!: SausageLegend 【 レート : 1000 】
2020-12-31T04:29:32Z,zHFC_ZKUITM,UCvzGlP9oQwU--Y0r9id_jnA,Subaru Ch. 大空スバル,【#３】なんか新ガチャが来るらしいぞ！！！！！：GRANBLUE FANTASY【ホロライブ/大空スバル】,161,296998,12122,203,2020-12-31,【 # 3 】 なんか 新 ガチャ が 来る らしい ぞ !!!!!: GRANBLUE   FANTASY 【 ホロライブ / 大空 スバル 】
2020-12-28T14:23:17Z,SD89bWoUYWo,UCvzGlP9oQwU--Y0r9id_jnA,Subaru Ch. 大空スバル,【リズム天国】リズムにのるぜええええええええ【ホロライブ/大空スバル】,89,169513,10759,49,2020-12-28,【 リズム 天国 】 リズム に のる ぜ え え え え え え ええ 【 ホロライブ / 大空 スバル 】
2020-12-27T09:24:13Z,3aup9bkCh3I,UCvzGlP9oQwU--Y0r9id_jnA,Subaru Ch. 大空スバル,【最終回】ガノンドロフ討伐！！！ゼルダの伝説時のオカリナ:The Legend of Zelda: Ocarina of Time【ホロライブ/大空スバル】,118,176578,10369,74,2020-12-27,【 最終 回 】 ガノンドロフ 討伐 !!! ゼルダ の 伝説 時 の オカリナ : The   Legend   of   Zelda :   Ocarina   of   Time 【 ホロライブ / 大空 スバル 】
2020-12-26T08:28:10Z,S7vNhtz0H8o,UCvzGlP9oQwU--Y0r9id_jnA,Subaru Ch. 大空スバル,【#10】いくぜ！！！！砂漠の神殿！！！！ゼルダの伝説時のオカリナ:The Legend of Zelda: Ocarina of Time【ホロライブ/大空スバル】,45,132572,7956,53,2020-12-26,【 # 10 】 いく ぜ !!!! 砂漠 の 神殿 !!!! ゼルダ の 伝説 時 の オカリナ : The   Legend   of   Zelda :   Ocarina   of   Time 【 ホロライブ / 大空 スバル 】
2020-12-26T03:58:43Z,me4hAMZkI70,UCvzGlP9oQwU--Y0r9id_jnA,Subaru Ch. 大空スバル,【#生スバル】おはようスバル【ホロライブ/大空スバル】,72,156908,11726,24,2020-12-26,【 # 生 スバル 】 おはよう スバル 【 ホロライブ / 大空 スバル 】
2020-12-25T09:02:06Z,PZcLFXRskso,UCvzGlP9oQwU--Y0r9id_jnA,Subaru Ch. 大空スバル,【#ホロライブクリスマス】ホロライブクリスマス歌！！！！！！！【ホロライブ/大空スバル】,115,151089,14251,33,2020-12-25,【 # ホロライブクリスマス 】 ホロライブクリスマス 歌 !!!!!!!【 ホロライブ / 大空 スバル 】
2020-12-23T15:17:21Z,v4ePgw3qMZo,UCvzGlP9oQwU--Y0r9id_jnA,Subaru Ch. 大空スバル,【#２】はじめてのぐらぶるっ！初めてのガチャピン！！【ホロライブ/大空スバル】,177,293599,12999,143,2020-12-23,【 # 2 】 はじめて の ぐらぶるっ ! 初めて の ガチャピン !!【 ホロライブ / 大空 スバル 】
2020-12-23T12:05:03Z,kgr-yWszxfw,UCvzGlP9oQwU--Y0r9id_jnA,Subaru Ch. 大空スバル,【#生スバル】2ndふぇすありがとうございました！！！【ホロライブ/大空スバル】,91,98416,8547,29,2020-12-23,【 # 生 スバル 】 2 nd ふ ぇすありがとうございました !!!【 ホロライブ / 大空 スバル 】
2020-12-20T08:14:35Z,4fufXOKhPps,UCvzGlP9oQwU--Y0r9id_jnA,Subaru Ch. 大空スバル,【#9】リベンジ！！！墓場のボンゴボンゴ！！！ゼルダの伝説時のオカリナ:The Legend of Zelda: Ocarina of Time【ホロライブ/大空スバル】,53,124712,7911,48,2020-12-20,【 # 9 】 リベンジ !!! 墓場 の ボンゴボンゴ !!! ゼルダ の 伝説 時 の オカリナ : The   Legend   of   Zelda :   Ocarina   of   Time 【 ホロライブ / 大空 スバル 】
2020-12-19T07:24:29Z,eEPgsTllQiQ,UCvzGlP9oQwU--Y0r9id_jnA,Subaru Ch. 大空スバル,【#8】ホラー？！墓場のダンジョン！！ゼルダの伝説時のオカリナ:The Legend of Zelda: Ocarina of Time【ホロライブ/大空スバル】,56,101247,5679,36,2020-12-19,【 # 8 】 ホラー ?! 墓場 の ダンジョン !! ゼルダ の 伝説 時 の オカリナ : The   Legend   of   Zelda :   Ocarina   of   Time 【 ホロライブ / 大空 スバル 】
2020-12-19T03:25:40Z,OzRL8xm_Oa8,UCvzGlP9oQwU--Y0r9id_jnA,Subaru Ch. 大空スバル,【】おはようスバル：定期雑談【ホロライブ/大空スバル】,49,132817,9203,37,2020-12-19,【 】 おはよう スバル : 定期 雑談 【 ホロライブ / 大空 スバル 】
2020-12-16T15:20:57Z,iwjlQI4rkKA,UCvzGlP9oQwU--Y0r9id_jnA,Subaru Ch. 大空スバル,【#１】初めての！！！グランブルーファンタジー！！！【ホロライブ/大空スバル】,328,589285,21762,321,2020-12-16,【 # 1 】 初めて の !!! グランブルーファンタジー !!!【 ホロライブ / 大空 スバル 】
2020-12-15T12:06:25Z,mNZf8hFDedw,UCvzGlP9oQwU--Y0r9id_jnA,Subaru Ch. 大空スバル,【#生スバル】ママになりたいスバル！！：Mother Simulator【ホロライブ/大空スバル】,108,117789,8994,27,2020-12-15,【 # 生 スバル 】 ママ に なり たい スバル !!: Mother   Simulator 【 ホロライブ / 大空 スバル 】
2020-12-13T08:23:55Z,SEec24EgOxw,UCvzGlP9oQwU--Y0r9id_jnA,Subaru Ch. 大空スバル,【#7】今日こそクリアするぞ！水の神殿！！！ゼルダの伝説時のオカリナ:The Legend of Zelda: Ocarina of Time【ホロライブ/大空スバル】,50,135346,7158,41,2020-12-13,【 # 7 】 今日 こそ クリア する ぞ ! 水 の 神殿 !!! ゼルダ の 伝説 時 の オカリナ : The   Legend   of   Zelda :   Ocarina   of   Time 【 ホロライブ / 大空 スバル 】
2020-12-12T09:36:37Z,YL5O6R0Kmhs,UCvzGlP9oQwU--Y0r9id_jnA,Subaru Ch. 大空スバル,【#6】行くぞ難関！水の神殿！！！ゼルダの伝説時のオカリナ:The Legend of Zelda: Ocarina of Time【ホロライブ/大空スバル】,78,132881,7761,52,2020-12-12,【 # 6 】 行く ぞ 難関 ! 水 の 神殿 !!! ゼルダ の 伝説 時 の オカリナ : The   Legend   of   Zelda :   Ocarina   of   Time 【 ホロライブ / 大空 スバル 】
2020-12-11T14:14:14Z,vXAw-cZ6ryg,UCvzGlP9oQwU--Y0r9id_jnA,Subaru Ch. 大空スバル,【#生スバル】視聴者分の１を探せ！！！！！【ホロライブ/大空スバル】,86,170272,9954,48,2020-12-11,【 # 生 スバル 】 視聴 者 分 の 1 を 探せ !!!!!【 ホロライブ / 大空 スバル 】
2020-12-10T13:37:00Z,NblFY3rx1YE,UCvzGlP9oQwU--Y0r9id_jnA,Subaru Ch. 大空スバル,【#生スバル】お泊りしたから雑談～～～！！！！【ホロライブ/大空スバル】,68,186706,11991,38,2020-12-10,【 # 生 スバル 】 お 泊り し た から 雑談 !!!!【 ホロライブ / 大空 スバル 】
2020-12-08T12:12:36Z,XC9LpjeZrhA,UCvzGlP9oQwU--Y0r9id_jnA,Subaru Ch. 大空スバル,【#生スバル】全自動炭焼きかまど！！！！すみじろう！！！！！つくる！【ホロライブ/大空スバル】,56,199404,10008,58,2020-12-08,【 # 生 スバル 】 全 自動 炭焼き か ま ど !!!! すみ じろう !!!!! つくる !【 ホロライブ / 大空 スバル 】
2020-12-07T14:16:15Z,RLzWfwLCD30,UCvzGlP9oQwU--Y0r9id_jnA,Subaru Ch. 大空スバル,【#生スバル】ポンコツじゃない！！ＩＱ5億の学力をみよ！！！：Academic Ability Test【ホロライブ/大空スバル】,243,156386,8645,56,2020-12-07,【 # 生 スバル 】 ポンコツ じゃ ない !! IQ 5 億 の 学力 を みよ !!!: Academic   Ability   Test 【 ホロライブ / 大空 スバル 】
2020-12-05T08:08:54Z,3Et1ae9PuOg,UCvzGlP9oQwU--Y0r9id_jnA,Subaru Ch. 大空スバル,【#5】ゼルダの伝説時のオカリナ:The Legend of Zelda: Ocarina of Time【ホロライブ/大空スバル】,63,141502,7515,57,2020-12-05,【 # 5 】 ゼルダ の 伝説 時 の オカリナ : The   Legend   of   Zelda :   Ocarina   of   Time 【 ホロライブ / 大空 スバル 】
2020-12-04T16:56:04Z,NVtaw4ql1J0,UCvzGlP9oQwU--Y0r9id_jnA,Subaru Ch. 大空スバル,【#生スバル】おやすみスバル【ホロライブ/大空スバル】,57,154720,10839,31,2020-12-04,【 # 生 スバル 】 おやすみ スバル 【 ホロライブ / 大空 スバル 】
2020-12-03T13:21:57Z,XirNF9RzvIs,UCvzGlP9oQwU--Y0r9id_jnA,Subaru Ch. 大空スバル,【#生スバル】yabai【ホロライブ/大空スバル】,116,308512,15115,75,2020-12-03,【 # 生 スバル 】 yabai 【 ホロライブ / 大空 スバル 】
2020-12-02T14:15:31Z,xnrCB2r3oiU,UCvzGlP9oQwU--Y0r9id_jnA,Subaru Ch. 大空スバル,【#生スバル】どろぼうしゃんスバル：Thief Simulator【ホロライブ/大空スバル】,38,115751,8857,27,2020-12-02,【 # 生 スバル 】 ど ろ ぼうし ゃん スバル : Thief   Simulator 【 ホロライブ / 大空 スバル 】
2020-11-29T09:16:36Z,lMJD_8S47gs,UCvzGlP9oQwU--Y0r9id_jnA,Subaru Ch. 大空スバル,【#4】ゼルダの伝説時のオカリナ:The Legend of Zelda: Ocarina of Time【ホロライブ/大空スバル】,72,171353,8458,64,2020-11-29,【 # 4 】 ゼルダ の 伝説 時 の オカリナ : The   Legend   of   Zelda :   Ocarina   of   Time 【 ホロライブ / 大空 スバル 】
2020-11-28T13:32:25Z,jbncrFRrnDQ,UCvzGlP9oQwU--Y0r9id_jnA,Subaru Ch. 大空スバル,【スパイ映画】キングスマン同時視聴会：Kingsman: The Secret Service【ホロライブ/大空スバル】,56,77268,6300,15,2020-11-28,【 スパイ 映画 】 キン グスマン 同時 視聴 会 : Kingsman :   The   Secret   Service 【 ホロライブ / 大空 スバル 】
2020-11-28T08:55:55Z,-j5bpk0eFYg,UCvzGlP9oQwU--Y0r9id_jnA,Subaru Ch. 大空スバル,【#3】ゼルダの伝説時のオカリナ:The Legend of Zelda: Ocarina of Time【ホロライブ/大空スバル】,54,137935,7025,49,2020-11-28,【 # 3 】 ゼルダ の 伝説 時 の オカリナ : The   Legend   of   Zelda :   Ocarina   of   Time 【 ホロライブ / 大空 スバル 】
2020-11-26T13:39:46Z,7_gZBFAXAug,UCvzGlP9oQwU--Y0r9id_jnA,Subaru Ch. 大空スバル,【GTAV】車で大暴走やるしゅば！！！！！！！【ホロライブ/大空スバル】,178,175312,10832,51,2020-11-26,【 GTAV 】 車 で 大 暴走 やる し ゅば !!!!!!!【 ホロライブ / 大空 スバル 】
2020-11-25T15:35:42Z,6_WeWBviZLY,UCvzGlP9oQwU--Y0r9id_jnA,Subaru Ch. 大空スバル,【】おうた【ホロライブ/大空スバル】,222,227246,16054,30,2020-11-25,【 】 お うた 【 ホロライブ / 大空 スバル 】
2020-11-22T14:38:31Z,NylncBBRObw,UCvzGlP9oQwU--Y0r9id_jnA,Subaru Ch. 大空スバル,【視聴者参加型】大空建築 入社試験しゅば！！！！！【ホロライブ/大空スバル】,68,219465,11375,54,2020-11-22,【 視聴 者 参加 型 】 大空 建築 入社 試験 し ゅば !!!!!【 ホロライブ / 大空 スバル 】
2020-11-22T09:02:00Z,RbVC7zXyZpw,UCvzGlP9oQwU--Y0r9id_jnA,Subaru Ch. 大空スバル,【#２】ゼルダの伝説時のオカリナ:The Legend of Zelda: Ocarina of Time【ホロライブ/大空スバル】,62,192107,9299,45,2020-11-22,【 # 2 】 ゼルダ の 伝説 時 の オカリナ : The   Legend   of   Zelda :   Ocarina   of   Time 【 ホロライブ / 大空 スバル 】
2020-11-21T14:06:57Z,-o9zZ_32nUk,UCvzGlP9oQwU--Y0r9id_jnA,Subaru Ch. 大空スバル,【週末雑談】11/21  うんどうかいたのしかったねスバル　【ホロライブ/大空スバル】,56,116006,8177,24,2020-11-21,【 週末 雑談 】 11 / 21 うん どう かい たのしかっ た ね スバル 【 ホロライブ / 大空 スバル 】
2020-11-19T13:56:44Z,eNrCZaI5OIA,UCvzGlP9oQwU--Y0r9id_jnA,Subaru Ch. 大空スバル,【#生スバル】第七回ソーセージレジェンド大会：SAUSAGE LEGEND【ホロライブ/大空スバル】,137,268375,13489,54,2020-11-19,【 # 生 スバル 】 第 七 回 ソーセージレジェンド 大会 : SAUSAGE   LEGEND 【 ホロライブ / 大空 スバル 】
2020-11-17T13:59:51Z,PJEQw_pnqeA,UCvzGlP9oQwU--Y0r9id_jnA,Subaru Ch. 大空スバル,【#ホロ幽霊調査隊】幽霊なんて余裕しゅば～～～～～～！！！：Phasmophobia【ホロライブ/大空スバル】,55,241170,10637,49,2020-11-17,【 # ホロ 幽霊 調査 隊 】 幽霊 なんて 余裕 し ゅば !!!: Phasmophobia 【 ホロライブ / 大空 スバル 】
2020-11-15T14:51:11Z,xVLPBn6NBPI,UCvzGlP9oQwU--Y0r9id_jnA,Subaru Ch. 大空スバル,【#宇宙ホロ人狼】AMONG US でやるしゅばなあああああ！！！【大空スバル/ホロライブ】,128,203068,10289,105,2020-11-15,【 # 宇宙 ホロ 人 狼 】 AMONG   US で やる し ゅばなあああああ !!!【 大空 スバル / ホロライブ 】
2020-11-15T06:52:42Z,rOraWNXUl-Y,UCvzGlP9oQwU--Y0r9id_jnA,Subaru Ch. 大空スバル,【#１】ゼルダの伝説時のオカリナ:The Legend of Zelda: Ocarina of Time【ホロライブ/大空スバル】,86,253529,10792,79,2020-11-15,【 # 1 】 ゼルダ の 伝説 時 の オカリナ : The   Legend   of   Zelda :   Ocarina   of   Time 【 ホロライブ / 大空 スバル 】
2020-11-14T10:41:46Z,J5K50nujEnk,UCvzGlP9oQwU--Y0r9id_jnA,Subaru Ch. 大空スバル,【#生スバル】スバ温泉のランドマークタワー完成させるしゅば！！！MINECRAFT【ホロライブ/大空スバル】,150,569156,20897,158,2020-11-14,【 # 生 スバル 】 スバ 温泉 の ランドマークタワー 完成 さ せる し ゅば !!! MINECRAFT 【 ホロライブ / 大空 スバル 】
2020-11-14T02:40:47Z,AQxZ_7uRMXA,UCvzGlP9oQwU--Y0r9id_jnA,Subaru Ch. 大空スバル,【週末雑談】11/14  おはようスバル　【ホロライブ/大空スバル】,47,150056,11337,42,2020-11-14,【 週末 雑談 】 11 / 14 おはよう スバル 【 ホロライブ / 大空 スバル 】
2020-11-10T17:44:23Z,sUMSFgNs_HM,UCvzGlP9oQwU--Y0r9id_jnA,Subaru Ch. 大空スバル,【#生スバル】スバ温泉のランドマークタワー建築するしゅば！！！MINECRAFT【ホロライブ/大空スバル】,155,524814,17246,124,2020-11-10,【 # 生 スバル 】 スバ 温泉 の ランドマークタワー 建築 する し ゅば !!! MINECRAFT 【 ホロライブ / 大空 スバル 】
2020-11-09T16:35:54Z,tzuC7QIxzkw,UCvzGlP9oQwU--Y0r9id_jnA,Subaru Ch. 大空スバル,【#生スバル】paper.Please でお仕事するしゅば～～【ホロライブ/大空スバル】,84,175673,11006,44,2020-11-09,【 # 生 スバル 】 paper . Please で お 仕事 する し ゅば 【 ホロライブ / 大空 スバル 】
2020-11-08T10:02:32Z,ItspEsuPNzA,UCvzGlP9oQwU--Y0r9id_jnA,Subaru Ch. 大空スバル,【#生スバル】スバ温泉のランドマークタワ脚編しゅば！！！MINECRAFT【ホロライブ/大空スバル】,217,379127,17772,108,2020-11-08,【 # 生 スバル 】 スバ 温泉 の ランドマークタワ 脚 編 し ゅば !!! MINECRAFT 【 ホロライブ / 大空 スバル 】
2020-11-07T02:29:32Z,IMy0NOlwXfQ,UCvzGlP9oQwU--Y0r9id_jnA,Subaru Ch. 大空スバル,【#生スバル】おはようスバル特別版？！バージョン2.0大発表～～～！！！！【ホロライブ/大空スバル】,209,211903,14850,49,2020-11-07,【 # 生 スバル 】 おはよう スバル 特別 版 ?! バージョン 2 . 0 大 発表 !!!!【 ホロライブ / 大空 スバル 】
2020-11-04T14:23:31Z,D6dGUmIAgzw,UCvzGlP9oQwU--Y0r9id_jnA,Subaru Ch. 大空スバル,【#ポンホロAmongUs】ポン ホロ 人 狼 開 催 !!【大空スバル/ホロライブ】,51,138898,8919,37,2020-11-04,【 # ポンホロ AmongUs 】 ポンホロ 人 狼 開催 !!【 大空 スバル / ホロライブ 】
2020-11-03T13:39:57Z,-hsbE0066jU,UCvzGlP9oQwU--Y0r9id_jnA,Subaru Ch. 大空スバル,【Phasmophobia】心霊調査ELITE部隊/大空スバル視点【#ホロライブFAMS】,83,177194,10979,28,2020-11-03,【 Phasmophobia 】 心霊 調査 ELITE 部隊 / 大空 スバル 視点 【# ホロライブ FAMS 】
2020-11-03T10:51:42Z,kUevy1wQUZQ,UCvzGlP9oQwU--Y0r9id_jnA,Subaru Ch. 大空スバル,【初見実況】#9　チンクルに負けるな！タライとホース集め！ゼルダの伝説・風のタクトやる！！！！The Legend of Zelda: The Wind Waker【ホロライブ/大空スバル】,49,136736,8433,38,2020-11-03,【 初 見 実況 】 # 9 チンクル に 負ける な ! タライ と ホース 集め ! ゼルダ の 伝説 ・ 風 の タクト やる !!!! The   Legend   of   Zelda :   The   Wind   Waker 【 ホロライブ / 大空 スバル 】
2020-11-01T07:50:00Z,bKw5YpARzk8,UCvzGlP9oQwU--Y0r9id_jnA,Subaru Ch. 大空スバル,【初見実況】#8　激ヤバ！！タライとホース集め！ゼルダの伝説・風のタクトやる！！！！The Legend of Zelda: The Wind Waker【ホロライブ/大空スバル】,40,116837,7232,40,2020-11-01,【 初 見 実況 】 # 8 激 ヤバ !! タライ と ホース 集め ! ゼルダ の 伝説 ・ 風 の タクト やる !!!! The   Legend   of   Zelda :   The   Wind   Waker 【 ホロライブ / 大空 スバル 】
2020-10-31T10:51:27Z,P-yiBSu0Xqc,UCvzGlP9oQwU--Y0r9id_jnA,Subaru Ch. 大空スバル,【週末雑談】10/31  おそようスバル　はっぴーはろうぃん！ 【ホロライブ/大空スバル】,59,111126,7714,16,2020-10-31,【 週末 雑談 】 10 / 31 おそ よう スバル はっぴ ー は ろう ぃん !【 ホロライブ / 大空 スバル 】
2020-10-30T13:52:38Z,yoVDYMcXbOI,UCvzGlP9oQwU--Y0r9id_jnA,Subaru Ch. 大空スバル,【】おうた【ホロライブ/大空スバル】,126,162928,12273,22,2020-10-30,【 】 お うた 【 ホロライブ / 大空 スバル 】
2020-10-29T15:19:52Z,WpdfPInCT0E,UCvzGlP9oQwU--Y0r9id_jnA,Subaru Ch. 大空スバル,【地獄再び】スバちょこルーナ地獄くじ引き大会こらぼ【ホロライブ】,147,270484,13423,39,2020-10-29,【 地獄 再び 】 スバ ちょこ ルーナ 地獄 くじ引き 大会 こら ぼ 【 ホロライブ 】
2020-10-28T19:39:54Z,7cI1pXkCQMI,UCvzGlP9oQwU--Y0r9id_jnA,Subaru Ch. 大空スバル,【大空建設】今度こそやってやるちゅば！！！！！！パート２！！！！！！！！！！【大空スバル/ホロライブ】,66,222943,9871,46,2020-10-28,【 大空 建設 】 今度 こそ やっ て やる ち ゅば !!!!!! パート 2 !!!!!!!!!!【 大空 スバル / ホロライブ 】
2020-10-27T15:01:12Z,Bi-BcuyEHNA,UCvzGlP9oQwU--Y0r9id_jnA,Subaru Ch. 大空スバル,【#雑ホロAmongUs】宇 宙 人 狼 開 催 !!【大空スバル/ホロライブ】,110,200065,11626,41,2020-10-27,【 # 雑 ホロ AmongUs 】 宇宙 人 狼 開催 !!【 大空 スバル / ホロライブ 】
2020-10-25T10:23:03Z,lDeDiXW4voE,UCvzGlP9oQwU--Y0r9id_jnA,Subaru Ch. 大空スバル,【初見実況】#7　最難関？！風の神殿攻略！！ゼルダの伝説・風のタクトやる！！！！The Legend of Zelda: The Wind Waker【ホロライブ/大空スバル】,43,113059,7408,22,2020-10-25,【 初 見 実況 】 # 7 最 難関 ?! 風 の 神殿 攻略 !! ゼルダ の 伝説 ・ 風 の タクト やる !!!! The   Legend   of   Zelda :   The   Wind   Waker 【 ホロライブ / 大空 スバル 】
2020-10-23T14:10:25Z,xP_uAeVFWoQ,UCvzGlP9oQwU--Y0r9id_jnA,Subaru Ch. 大空スバル,【発狂】マリメ２あんま分らんけどホロメンのコースくらい余裕余裕【ホロライブ/大空スバル】,69,147465,8342,71,2020-10-23,【 発狂 】 マリメ 2 あんま 分ら ん けど ホロメン の コース くらい 余裕 余裕 【 ホロライブ / 大空 スバル 】
2020-10-23T12:07:35Z,ZpsN-jbGi1E,UCvzGlP9oQwU--Y0r9id_jnA,Subaru Ch. 大空スバル,【発狂】マリメ２あんま分らんけどホロメンのコースくらい余裕余裕【ホロライブ/大空スバル】,18,34009,2532,14,2020-10-23,【 発狂 】 マリメ 2 あんま 分ら ん けど ホロメン の コース くらい 余裕 余裕 【 ホロライブ / 大空 スバル 】
2020-10-22T15:55:59Z,kVRn7CH5JqU,UCvzGlP9oQwU--Y0r9id_jnA,Subaru Ch. 大空スバル,【視聴者参加】初心者AMONG US！！！！！UBARU！！！！！！！【ホロライブ/大空スバル】,127,108803,10093,30,2020-10-22,【 視聴 者 参加 】 初心者 AMONG   US !!!!! UBARU !!!!!!!【 ホロライブ / 大空 スバル 】
2020-10-21T12:03:41Z,_Od94_41hXQ,UCvzGlP9oQwU--Y0r9id_jnA,Subaru Ch. 大空スバル,【#生スバル】リベンジリベンジ！！！パート3！！！！【ホロライブ/大空スバル】,74,145754,8217,39,2020-10-21,【 # 生 スバル 】 リベンジリベンジ !!! パート 3 !!!!【 ホロライブ / 大空 スバル 】
2020-10-20T13:56:27Z,Nce15Hihpog,UCvzGlP9oQwU--Y0r9id_jnA,Subaru Ch. 大空スバル,【おはなし】いろいろ振り返り雑談【ホロライブ/大空スバル】,65,145839,9852,35,2020-10-20,【 お はなし 】 いろいろ 振り返り 雑談 【 ホロライブ / 大空 スバル 】
2020-10-17T04:25:18Z,4-PfeuZjlm0,UCvzGlP9oQwU--Y0r9id_jnA,Subaru Ch. 大空スバル,【週末雑談】10/16  おそようスバル 【ホロライブ/大空スバル】,58,190707,12031,24,2020-10-17,【 週末 雑談 】 10 / 16 おそ よう スバル 【 ホロライブ / 大空 スバル 】
2020-10-15T14:01:38Z,oiyvXoh9gXs,UCvzGlP9oQwU--Y0r9id_jnA,Subaru Ch. 大空スバル,【くじびき】スバちょこルーナ地獄くじ引き大会こらぼ【ホロライブ】,273,245143,13355,47,2020-10-15,【 くじ びき 】 スバ ちょこ ルーナ 地獄 くじ引き 大会 こら ぼ 【 ホロライブ 】
2020-10-13T13:35:26Z,-cSmli64VK8,UCvzGlP9oQwU--Y0r9id_jnA,Subaru Ch. 大空スバル,【#生スバル】大空建設の本拠地をつくるぞ！！パート２！！！！【ホロライブ/大空スバル】,241,302713,12285,98,2020-10-13,【 # 生 スバル 】 大空 建設 の 本拠地 を つくる ぞ !! パート 2 !!!!【 ホロライブ / 大空 スバル 】
2020-10-13T11:11:42Z,haIPZgRCMSQ,UCvzGlP9oQwU--Y0r9id_jnA,Subaru Ch. 大空スバル,【#生スバル】しゅばしゅばしゅばしゅば！！！！！！！マイクラ【ホロライブ/大空スバル】,25,46962,2722,13,2020-10-13,【 # 生 スバル 】 し ゅばしゅばしゅばしゅば !!!!!!! マイクラ 【 ホロライブ / 大空 スバル 】
2020-10-11T09:01:15Z,czdJAMqyABQ,UCvzGlP9oQwU--Y0r9id_jnA,Subaru Ch. 大空スバル,【初見実況】#6　ゼルダの伝説・風のタクトやる！！！！The Legend of Zelda: The Wind Waker【ホロライブ/大空スバル】,126,121714,6136,38,2020-10-11,【 初 見 実況 】 # 6 ゼルダ の 伝説 ・ 風 の タクト やる !!!! The   Legend   of   Zelda :   The   Wind   Waker 【 ホロライブ / 大空 スバル 】
2020-10-09T15:49:04Z,ZkPTEZKkz3E,UCvzGlP9oQwU--Y0r9id_jnA,Subaru Ch. 大空スバル,【ホラゲー】INFLICTIONこわそう【ホロライブ/大空スバル】,45,181737,9548,30,2020-10-09,【 ホラゲー 】 INFLICTION こわそ う 【 ホロライブ / 大空 スバル 】
2020-10-08T14:11:06Z,zoKEvUhVca0,UCvzGlP9oQwU--Y0r9id_jnA,Subaru Ch. 大空スバル,【#生スバル】大空建設の本拠地をつくるぞ！！【ホロライブ/大空スバル】,59,178265,8675,47,2020-10-08,【 # 生 スバル 】 大空 建設 の 本拠地 を つくる ぞ !!【 ホロライブ / 大空 スバル 】
2020-10-06T15:20:42Z,iOHLC-WKUk0,UCvzGlP9oQwU--Y0r9id_jnA,Subaru Ch. 大空スバル,【 #生スバル 】2期生コラボたのしかったね雑談【ホロライブ/大空スバル】,72,139325,9588,31,2020-10-06,【 # 生 スバル 】 2 期生 コラボ たのしかっ た ね 雑談 【 ホロライブ / 大空 スバル 】
2020-10-04T13:05:52Z,rfn7z8BOYn4,UCvzGlP9oQwU--Y0r9id_jnA,Subaru Ch. 大空スバル,【#生スバル】RFA!!!最強負荷30で地獄をのぞいてみるすばる【ホロライブ/大空スバル】,87,120120,7870,33,2020-10-04,【 # 生 スバル 】 RFA !!! 最強 負荷 30 で 地獄 を のぞい て みる すばる 【 ホロライブ / 大空 スバル 】
2020-10-04T09:20:30Z,MuLAU7p6Se4,UCvzGlP9oQwU--Y0r9id_jnA,Subaru Ch. 大空スバル,【初見実況】#5　ゼルダの伝説・風のタクトやる！！！！The Legend of Zelda: The Wind Waker【ホロライブ/大空スバル】,49,108904,5752,44,2020-10-04,【 初 見 実況 】 # 5 ゼルダ の 伝説 ・ 風 の タクト やる !!!! The   Legend   of   Zelda :   The   Wind   Waker 【 ホロライブ / 大空 スバル 】
2020-10-03T04:18:44Z,sofYlrHvWdQ,UCvzGlP9oQwU--Y0r9id_jnA,Subaru Ch. 大空スバル,【週末雑談】10/03  おあようスバル 【ホロライブ/大空スバル】,84,145605,9803,39,2020-10-03,【 週末 雑談 】 10 / 03 お あ よう スバル 【 ホロライブ / 大空 スバル 】
2020-10-02T15:47:47Z,OtkXf-ktPew,UCvzGlP9oQwU--Y0r9id_jnA,Subaru Ch. 大空スバル,【Chapter３】Dark Deception ピエルステージRTA!!リベンジすばる【ホロライブ/大空スバル】,43,57597,4894,15,2020-10-02,【 Chapter 3 】 Dark   Deception ピエルステージ RTA !! リベンジ すばる 【 ホロライブ / 大空 スバル 】
2020-09-29T15:16:51Z,qCFjIIdEMrU,UCvzGlP9oQwU--Y0r9id_jnA,Subaru Ch. 大空スバル,【#生スバル】おうた【ホロライブ/大空スバル】,161,160640,11310,44,2020-09-29,【 # 生 スバル 】 お うた 【 ホロライブ / 大空 スバル 】
2020-09-28T15:36:19Z,gKHM5r2EWAE,UCvzGlP9oQwU--Y0r9id_jnA,Subaru Ch. 大空スバル,【 #生スバル 】第１回はじめてのポーション作りでしゅばしゅばすばる【ホロライブ/大空スバル】,87,220833,9741,54,2020-09-28,【 # 生 スバル 】 第 1 回 はじめて の ポーション 作り でし ゅばしゅばすばる 【 ホロライブ / 大空 スバル 】
2020-09-27T08:46:39Z,NZFhRWoq_Yc,UCvzGlP9oQwU--Y0r9id_jnA,Subaru Ch. 大空スバル,【初見実況】#4.5　ゼルダの伝説・風のタクトやる！！！！The Legend of Zelda: The Wind Waker【ホロライブ/大空スバル】,40,98445,5387,39,2020-09-27,【 初 見 実況 】 # 4 . 5 ゼルダ の 伝説 ・ 風 の タクト やる !!!! The   Legend   of   Zelda :   The   Wind   Waker 【 ホロライブ / 大空 スバル 】
2020-09-27T05:51:53Z,-yquNvFEy54,UCvzGlP9oQwU--Y0r9id_jnA,Subaru Ch. 大空スバル,【初見実況】#4 ゼルダの伝説・風のタクトやる！ジャブー様探し！！！！The Legend of Zelda: The Wind Waker【ホロライブ/大空スバル】,19,60023,3845,25,2020-09-27,【 初 見 実況 】 # 4 ゼルダ の 伝説 ・ 風 の タクト やる ! ジャ ブー 様 探し !!!! The   Legend   of   Zelda :   The   Wind   Waker 【 ホロライブ / 大空 スバル 】
2020-09-26T17:45:17Z,aWB-jC_b-Ag,UCvzGlP9oQwU--Y0r9id_jnA,Subaru Ch. 大空スバル,【 #生スバル 】TNTを作ってしゅばしゅばしたいすばる【MINECRAFT】,63,151753,7427,31,2020-09-26,【 # 生 スバル 】 TNT を 作っ て し ゅばしゅばしたいすばる 【 MINECRAFT 】
2020-09-26T08:34:16Z,zOBhKOFl-5Y,UCvzGlP9oQwU--Y0r9id_jnA,Subaru Ch. 大空スバル,【初見実況】#3 ゼルダの伝説・風のタクトやる！！ヤバい森にいく！！！The Legend of Zelda: The Wind Waker【ホロライブ/大空スバル】,33,97779,5104,30,2020-09-26,【 初 見 実況 】 # 3 ゼルダ の 伝説 ・ 風 の タクト やる !! ヤバ い 森 に いく !!! The   Legend   of   Zelda :   The   Wind   Waker 【 ホロライブ / 大空 スバル 】
2020-09-26T03:55:36Z,-N8WvjpU20Q,UCvzGlP9oQwU--Y0r9id_jnA,Subaru Ch. 大空スバル,【まったり雑談】9/26  おあようスバル 【ホロライブ/大空スバル】,77,122518,8173,31,2020-09-26,【 まったり 雑談 】 9 / 26 お あ よう スバル 【 ホロライブ / 大空 スバル 】
2020-09-24T13:52:56Z,KmcAK3fLZAE,UCvzGlP9oQwU--Y0r9id_jnA,Subaru Ch. 大空スバル,【 #生スバル 】トラップを作ってしゅばしゅばしたいすばる【MINECRAFT】,34,117471,6757,31,2020-09-24,【 # 生 スバル 】 トラップ を 作っ て し ゅばしゅばしたいすばる 【 MINECRAFT 】
2020-09-23T14:10:39Z,n731qqx3Cgw,UCvzGlP9oQwU--Y0r9id_jnA,Subaru Ch. 大空スバル,【 #生スバル 】ふぉーるがいずすばる【ホロライブ/大空スバル】,59,94891,6972,36,2020-09-23,【 # 生 スバル 】 ふ ぉ ー る が い ず すばる 【 ホロライブ / 大空 スバル 】
2020-09-22T02:57:39Z,vlugkj33H5g,UCvzGlP9oQwU--Y0r9id_jnA,Subaru Ch. 大空スバル,【MINECRAFT】ゆる雑談！ダイヤなどをまったりあつめるすばる【ホロラブ/大空スバル】,45,100499,6641,47,2020-09-22,【 MINECRAFT 】 ゆる 雑談 ! ダイヤ など を まったり あつめる すばる 【 ホロラブ / 大空 スバル 】
2020-09-21T08:58:25Z,6ckYPirMSsI,UCvzGlP9oQwU--Y0r9id_jnA,Subaru Ch. 大空スバル,【初見実況】#２ゼルダの伝説・風のタクトやる！！！！The Legend of Zelda: The Wind Waker【ホロライブ/大空スバル】,54,137090,6532,58,2020-09-21,【 初 見 実況 】 # 2 ゼルダ の 伝説 ・ 風 の タクト やる !!!! The   Legend   of   Zelda :   The   Wind   Waker 【 ホロライブ / 大空 スバル 】
2020-09-20T09:13:48Z,PQuPPOgpmJI,UCvzGlP9oQwU--Y0r9id_jnA,Subaru Ch. 大空スバル,【初見実況】ゼルダの伝説・風のタクトやる！！！！The Legend of Zelda: The Wind Waker【ホロライブ/大空スバル】,88,185113,7649,60,2020-09-20,【 初 見 実況 】 ゼルダ の 伝説 ・ 風 の タクト やる !!!! The   Legend   of   Zelda :   The   Wind   Waker 【 ホロライブ / 大空 スバル 】
2020-09-16T14:57:00Z,mDAcd8I-xgw,UCvzGlP9oQwU--Y0r9id_jnA,Subaru Ch. 大空スバル,【#大空スバル２周年】はなす【持つべきものは友】,272,156053,12315,40,2020-09-16,【 # 大空 スバル 2 周年 】 はなす 【 持つ べき もの は 友 】
2020-09-14T13:22:47Z,XEj2gQcchGo,UCvzGlP9oQwU--Y0r9id_jnA,Subaru Ch. 大空スバル,【ホロ鯖】すばるのマイクラすーぱーつよつよ大作戦！！！その１！！！【復興】,48,146621,7743,37,2020-09-14,【 ホロ 鯖 】 すばる の マイクラ す ー ぱ ー つよ つ よ 大 作戦 !!! その 1 !!!【 復興 】
2020-09-13T17:48:04Z,5H-8jvKZOLA,UCvzGlP9oQwU--Y0r9id_jnA,Subaru Ch. 大空スバル,【】はなす【ホロライブ/大空スバル】,88,150850,8359,22,2020-09-13,【 】 はなす 【 ホロライブ / 大空 スバル 】
2020-09-12T02:18:39Z,92pRbco8wdM,UCvzGlP9oQwU--Y0r9id_jnA,Subaru Ch. 大空スバル,【まったり雑談】9/12  おあようスバル with ちょこ先生【ホロライブ/大空スバル】,65,129984,8271,30,2020-09-12,【 まったり 雑談 】 9 / 12 お あ よう スバル with ちょこ 先生 【 ホロライブ / 大空 スバル 】
2020-09-10T17:26:19Z,zK5IGA4e7mc,UCvzGlP9oQwU--Y0r9id_jnA,Subaru Ch. 大空スバル,【ホロ鯖】マイクラ建築るすばる2【復興】,52,152145,8126,40,2020-09-10,【 ホロ 鯖 】 マイ クラ 建築 る すばる 2 【 復興 】
2020-09-09T14:09:37Z,aJKpWSKdv3A,UCvzGlP9oQwU--Y0r9id_jnA,Subaru Ch. 大空スバル,【最終回】INSIDE【ホロライブ/大空スバル】,73,98884,6142,33,2020-09-09,【 最終 回 】 INSIDE 【 ホロライブ / 大空 スバル 】
2020-09-08T15:21:48Z,C6WTR7KpbpI,UCvzGlP9oQwU--Y0r9id_jnA,Subaru Ch. 大空スバル,【ホラゲー？】INSIDE【ホロライブ/大空スバル】,44,76834,4880,18,2020-09-08,【 ホラゲー ?】 INSIDE 【 ホロライブ / 大空 スバル 】
2020-09-05T17:41:33Z,qvfXxbkNa9Y,UCvzGlP9oQwU--Y0r9id_jnA,Subaru Ch. 大空スバル,【ホロ鯖ARK】ティタノテイム！！！！！【ホロライブ/大空スバル】,90,150025,6741,29,2020-09-05,【 ホロ 鯖 ARK 】 ティタノテイム !!!!!【 ホロライブ / 大空 スバル 】
2020-09-05T08:59:43Z,ZupcIawbO-Q,UCvzGlP9oQwU--Y0r9id_jnA,Subaru Ch. 大空スバル,【ホロ鯖ARK】ティタノ準備【ホロライブ/大空スバル】,28,97737,5082,24,2020-09-05,【 ホロ 鯖 ARK 】 ティタノ 準備 【 ホロライブ / 大空 スバル 】
2020-09-04T12:10:40Z,k9YpEb-yOb8,UCvzGlP9oQwU--Y0r9id_jnA,Subaru Ch. 大空スバル,【圧倒的強さ】マリオカート8DX！！すーぱー稲妻すばる杯マリカ！！！【ホロライブ/大空スバル】,27,57275,3883,27,2020-09-04,【 圧倒的 強 さ 】 マリオ カート 8 DX !! す ー ぱ ー 稲妻 すばる 杯 マリカ !!!【 ホロライブ / 大空 スバル 】
2020-09-03T14:51:02Z,zrkgOjhFn9Q,UCvzGlP9oQwU--Y0r9id_jnA,Subaru Ch. 大空スバル,【かかってこいや】1位をとるすばる【ホロライブ/大空スバル】,67,97125,6644,35,2020-09-03,【 かかっ て こい や 】 1 位 を とる すばる 【 ホロライブ / 大空 スバル 】
2020-09-02T18:11:08Z,Gi8PlCytuWQ,UCvzGlP9oQwU--Y0r9id_jnA,Subaru Ch. 大空スバル,【ホロ鯖】マイクラ建築るすばる【復興】,68,150063,7626,43,2020-09-02,【 ホロ 鯖 】 マイ クラ 建築 る すばる 【 復興 】
2020-09-02T12:48:36Z,Hr550c2DcrQ,UCvzGlP9oQwU--Y0r9id_jnA,Subaru Ch. 大空スバル,【Dark Deception】アヒルステージを30分で攻略しピエロとタイマンはるすばる！！！【ホロライブ/大空スバル】,59,88415,5345,18,2020-09-02,【 Dark   Deception 】 アヒル ステージ を 30 分 で 攻略 し ピエロ と タイ マン はる すばる !!!【 ホロライブ / 大空 スバル 】
2020-08-30T07:38:15Z,BqfNwHhOFMk,UCvzGlP9oQwU--Y0r9id_jnA,Subaru Ch. 大空スバル,【ホロ鯖】あやスバホロ鯖新拠点探しマイクラ【復興】,84,241756,11575,74,2020-08-30,【 ホロ 鯖 】 あや スバホロ 鯖 新 拠点 探し マイクラ 【 復興 】
2020-08-29T14:49:32Z,kvXLvllXero,UCvzGlP9oQwU--Y0r9id_jnA,Subaru Ch. 大空スバル,【初見実況】スーパーマリオサンシャイン☼スバル１【ホロライブ/大空スバル】,50,74787,4218,26,2020-08-29,【 初 見 実況 】 スーパー マリオ サンシャイン ☼ スバル 1 【 ホロライブ / 大空 スバル 】
2020-08-29T03:21:44Z,SkFXpefqqtg,UCvzGlP9oQwU--Y0r9id_jnA,Subaru Ch. 大空スバル,【まったり雑談】8/29  おあようスバル【ホロライブ/大空スバル】,45,125295,7609,30,2020-08-29,【 まったり 雑談 】 8 / 29 お あ よう スバル 【 ホロライブ / 大空 スバル 】
2020-08-28T13:06:07Z,BRnvHFwJc7E,UCvzGlP9oQwU--Y0r9id_jnA,Subaru Ch. 大空スバル,【恐怖！】本当にあった怖い黒歴史2020【ホロライブ/大空スバル】,80,149936,7441,40,2020-08-28,【 恐怖 !】 本当に あっ た 怖い 黒 歴史 2020 【 ホロライブ / 大空 スバル 】
2020-08-27T12:44:08Z,zxnb5ua2Q1I,UCvzGlP9oQwU--Y0r9id_jnA,Subaru Ch. 大空スバル,【雑談】1人暮らしってYABEEEEEEEEEEEEEEEEEEEEEE【ホロライブ/大空スバル】,88,160430,7282,25,2020-08-27,【 雑談 】 1 人 暮らし って YABEEEEEEEEEEEEEEEEEEEEEE 【 ホロライブ / 大空 スバル 】
2020-08-23T13:58:42Z,5SZfqFFt8lY,UCvzGlP9oQwU--Y0r9id_jnA,Subaru Ch. 大空スバル,【うた】DEATH【ホロライブ/大空スバル】,188,150044,9646,25,2020-08-23,【 うた 】 DEATH 【 ホロライブ / 大空 スバル 】
2020-08-23T09:38:01Z,gp6lG3zaBis,UCvzGlP9oQwU--Y0r9id_jnA,Subaru Ch. 大空スバル,【初見実況】ピクミンすばる４【ホロライブ/大空スバル】,59,141960,5959,69,2020-08-23,【 初 見 実況 】 ピクミン すばる 4 【 ホロライブ / 大空 スバル 】
2020-08-22T03:13:34Z,G_i0mD3l0r4,UCvzGlP9oQwU--Y0r9id_jnA,Subaru Ch. 大空スバル,【まったり雑談】8/21  おあようスバル【ホロライブ/大空スバル】,39,112863,7000,22,2020-08-22,【 まったり 雑談 】 8 / 21 お あ よう スバル 【 ホロライブ / 大空 スバル 】
2020-08-21T14:47:21Z,eGulJ9Qouao,UCvzGlP9oQwU--Y0r9id_jnA,Subaru Ch. 大空スバル,【まったり雑談】おやすみスバル（仮）【投稿は概要欄から！】,43,89570,6359,25,2020-08-21,【 まったり 雑談 】 おやすみ スバル ( 仮 )【 投稿 は 概要 欄 から !】
2020-08-20T14:53:27Z,gWzzJhYEhz8,UCvzGlP9oQwU--Y0r9id_jnA,Subaru Ch. 大空スバル,【かかってこいや】1位取れない鳥はただの🦆！fall guys すばる【ホロライブ/大空スバル】,66,107437,6372,33,2020-08-20,【 かかっ て こい や 】 1 位 取れ ない 鳥 は ただ の 🦆 ! fall   guys すばる 【 ホロライブ / 大空 スバル 】
2020-08-20T12:08:34Z,DGNFcG2ay3Y,UCvzGlP9oQwU--Y0r9id_jnA,Subaru Ch. 大空スバル,【初見実況】ピクミンすばる３【ホロライブ/大空スバル】,45,90200,4446,36,2020-08-20,【 初 見 実況 】 ピクミン すばる 3 【 ホロライブ / 大空 スバル 】
2020-08-19T15:09:07Z,m8UYEgrDaJw,UCvzGlP9oQwU--Y0r9id_jnA,Subaru Ch. 大空スバル,【ホロ鯖ARK】モンボ作り2日目！！【ホロライブ/大空スバル】,34,75868,4840,28,2020-08-19,【 ホロ 鯖 ARK 】 モンボ 作り 2 日 目 !!【 ホロライブ / 大空 スバル 】
2020-08-16T09:16:27Z,U_jXcPc0wnY,UCvzGlP9oQwU--Y0r9id_jnA,Subaru Ch. 大空スバル,【初見実況】ピクミンすばる２【ホロライブ/大空スバル】,67,146993,5607,48,2020-08-16,【 初 見 実況 】 ピクミン すばる 2 【 ホロライブ / 大空 スバル 】
2020-08-15T12:02:35Z,gxTEEv_iY6w,UCvzGlP9oQwU--Y0r9id_jnA,Subaru Ch. 大空スバル,【初見実況】ピクミンすばる【ホロライブ/大空スバル】,90,132447,5189,47,2020-08-15,【 初 見 実況 】 ピクミン すばる 【 ホロライブ / 大空 スバル 】
2020-08-15T03:12:51Z,86cmQAjOAcI,UCvzGlP9oQwU--Y0r9id_jnA,Subaru Ch. 大空スバル,【まったり雑談】8/15  おあようスバル【ホロライブ/大空スバル】,60,117825,6785,34,2020-08-15,【 まったり 雑談 】 8 / 15 お あ よう スバル 【 ホロライブ / 大空 スバル 】
2020-08-14T15:37:11Z,S1xpYQolEcw,UCvzGlP9oQwU--Y0r9id_jnA,Subaru Ch. 大空スバル,【かかってこいや】fall guys すばる【ホロライブ/大空スバル】,140,165013,9677,63,2020-08-14,【 かかっ て こい や 】 fall   guys すばる 【 ホロライブ / 大空 スバル 】
2020-08-13T15:11:29Z,oL2roCXTwIQ,UCvzGlP9oQwU--Y0r9id_jnA,Subaru Ch. 大空スバル,【ホロ鯖ARK】モンボ作り1日目！！セメント収集の巻！！！【ホロライブ/大空スバル】,26,80440,4724,45,2020-08-13,【 ホロ 鯖 ARK 】 モンボ 作り 1 日 目 !! セメント 収集 の 巻 !!!【 ホロライブ / 大空 スバル 】
2020-08-12T15:01:19Z,Nqjuz5KW42M,UCvzGlP9oQwU--Y0r9id_jnA,Subaru Ch. 大空スバル,【Dark Deception】庭師を今日こそクリアするすばる【地獄の3面】,85,112107,6501,25,2020-08-12,【 Dark   Deception 】 庭師 を 今日 こそ クリア する すばる 【 地獄 の 3 面 】
2020-08-10T16:14:05Z,LdCaj6upIkw,UCvzGlP9oQwU--Y0r9id_jnA,Subaru Ch. 大空スバル,【ホロ鯖ARK】アキ先輩と恐竜戦闘訓練する！！！！！！！【ホロライブ/大空スバル視点】,39,91988,5011,23,2020-08-10,【 ホロ 鯖 ARK 】 アキ 先輩 と 恐竜 戦闘 訓練 する !!!!!!!【 ホロライブ / 大空 スバル 視点 】
2020-08-10T08:40:50Z,Jiak2fgPtFY,UCvzGlP9oQwU--Y0r9id_jnA,Subaru Ch. 大空スバル,【ホラゲー】都市伝説を暴くすばる！！！！！最終話！！！！【流行り神警視庁怪異事件ファイル】,48,104354,5025,34,2020-08-10,【 ホラゲー 】 都市 伝説 を 暴く すばる !!!!! 最終 話 !!!!【 流行り 神 警視庁 怪異 事件 ファイル 】
2020-08-09T15:06:53Z,urRlD3Ahpfc,UCvzGlP9oQwU--Y0r9id_jnA,Subaru Ch. 大空スバル,【 #ホロワードウルフ 】ホロライブワードウルフ！！！【やる！！！】,313,400125,14938,156,2020-08-09,【 # ホロワードウルフ 】 ホロライブワードウルフ !!!【 やる !!!】
2020-08-08T03:21:01Z,qUGFieucenY,UCvzGlP9oQwU--Y0r9id_jnA,Subaru Ch. 大空スバル,【まったり雑談】8/8  おあようスバル【ホロライブ/大空スバル】,44,120026,7212,33,2020-08-08,【 まったり 雑談 】 8 / 8 お あ よう スバル 【 ホロライブ / 大空 スバル 】
2020-08-06T12:10:26Z,FKFsPlZWl4s,UCvzGlP9oQwU--Y0r9id_jnA,Subaru Ch. 大空スバル,【#100均ホロライブ】メンバーの私物を見抜け！！！！100均ホロライブ！！！【第二弾】,116,254658,12115,86,2020-08-06,【 # 100 均 ホロライブ 】 メンバー の 私物 を 見抜け !!!! 100 均 ホロライブ !!!【 第 二 弾 】
2020-08-03T14:01:38Z,m3vzhh7lNiI,UCvzGlP9oQwU--Y0r9id_jnA,Subaru Ch. 大空スバル,【ホラゲー】だーくでぃせぷしょんすばる　STAGE3【ホロライブ/大空スバル】,48,104490,5180,23,2020-08-03,【 ホラゲー 】 だ ー く で ぃせぷしょんすばる STAGE 3 【 ホロライブ / 大空 スバル 】
2020-08-02T11:27:07Z,TxN_7Uyr6Bc,UCvzGlP9oQwU--Y0r9id_jnA,Subaru Ch. 大空スバル,【ホラゲー】都市伝説を暴くすばる！！！！！「鬼」編！！！！【流行り神警視庁怪異事件ファイル】,68,136347,5425,50,2020-08-02,【 ホラゲー 】 都市 伝説 を 暴く すばる !!!!!「 鬼 」 編 !!!!【 流行り 神 警視庁 怪異 事件 ファイル 】
2020-08-01T03:02:40Z,fxa-s5M9u1c,UCvzGlP9oQwU--Y0r9id_jnA,Subaru Ch. 大空スバル,【まったり雑談】8/1  おあようスバル【ホロライブ/大空スバル】,54,50948,3963,29,2020-08-01,【 まったり 雑談 】 8 / 1 お あ よう スバル 【 ホロライブ / 大空 スバル 】
2020-07-31T13:14:32Z,1enadukImzU,UCvzGlP9oQwU--Y0r9id_jnA,Subaru Ch. 大空スバル,【Half-Life2】ガバエイムでもエイリアンに勝ちたいすばる！！！【ホロライブ/大空スバル】,130,39360,3352,24,2020-07-31,【 Half - Life 2 】 ガバエイム で も エイリアン に 勝ち たい すばる !!!【 ホロライブ / 大空 スバル 】
2020-07-30T12:08:39Z,cvBYDNkElPE,UCvzGlP9oQwU--Y0r9id_jnA,Subaru Ch. 大空スバル,【ホラゲー】都市伝説を暴くすばる！！！！！！！！！【流行り神警視庁怪異事件ファイル】,143,155255,6344,261,2020-07-30,【 ホラゲー 】 都市 伝説 を 暴く すばる !!!!!!!!!【 流行り 神 警視庁 怪異 事件 ファイル 】
2020-07-29T11:47:59Z,Hl2Z74Nrijg,UCvzGlP9oQwU--Y0r9id_jnA,Subaru Ch. 大空スバル,【ホロ鯖】目指せ初のカワウソテイム！！！！！！！【ホロライブ】,49,115830,5066,37,2020-07-29,【 ホロ 鯖 】 目指せ 初 の カワウソテイム !!!!!!!【 ホロライブ 】
2020-07-27T12:22:23Z,u6eskcH_XWA,UCvzGlP9oQwU--Y0r9id_jnA,Subaru Ch. 大空スバル,【Slither.io】みみずすばる【ホロライブ/大空スバル】,71,67665,3662,12,2020-07-27,【 Slither . io 】 みみず すばる 【 ホロライブ / 大空 スバル 】
2020-07-25T03:01:47Z,1OrAf8Be59I,UCvzGlP9oQwU--Y0r9id_jnA,Subaru Ch. 大空スバル,【まったり雑談】07/25  おあようスバル【ホロライブ/大空スバル】,61,112841,6559,29,2020-07-25,【 まったり 雑談 】 07 / 25 お あ よう スバル 【 ホロライブ / 大空 スバル 】
2020-07-24T12:41:02Z,0U5yFRYj1dE,UCvzGlP9oQwU--Y0r9id_jnA,Subaru Ch. 大空スバル,【ホラゲー】だーくでぃせぷしょんすばる【ホロライブ/大空スバル】,117,134559,5752,30,2020-07-24,【 ホラゲー 】 だ ー く で ぃせぷしょんすばる 【 ホロライブ / 大空 スバル 】
2020-07-23T13:41:27Z,RJz-6qEHTPU,UCvzGlP9oQwU--Y0r9id_jnA,Subaru Ch. 大空スバル,【ホロ鯖】湾岸橋建築する！！原油も探す！！！！！【ホロライブ/大空スバル】,70,93207,4608,38,2020-07-23,【 ホロ 鯖 】 湾岸 橋 建築 する !! 原油 も 探す !!!!!【 ホロライブ / 大空 スバル 】
2020-07-22T15:02:54Z,nObC4TiZV2A,UCvzGlP9oQwU--Y0r9id_jnA,Subaru Ch. 大空スバル,【DM雑談】テーマ：推しに対してテンション上がりまくった話【ホロライブ/大空スバル】,26,63023,3836,28,2020-07-22,【 DM 雑談 】 テーマ : 推し に対して テンション 上がり まくっ た 話 【 ホロライブ / 大空 スバル 】
2020-07-19T11:02:27Z,aeE04GlIHFg,UCvzGlP9oQwU--Y0r9id_jnA,Subaru Ch. 大空スバル,【初見実況#最終回】アサシンクリード4！！！やる！！！！！【ホロライブ/大空スバル】,63,54340,3387,22,2020-07-19,【 初 見 実況 # 最終 回 】 アサ シンク リード 4 !!! やる !!!!!【 ホロライブ / 大空 スバル 】
2020-07-18T06:48:28Z,eDNZ5vb9CwU,UCvzGlP9oQwU--Y0r9id_jnA,Subaru Ch. 大空スバル,【初見実況#７】アサシンクリード4！！！やる！！！！！【ホロライブ/大空スバル】,31,36957,2696,17,2020-07-18,【 初 見 実況 # 7 】 アサ シンク リード 4 !!! やる !!!!!【 ホロライブ / 大空 スバル 】
2020-07-18T03:03:56Z,jzO5fGXCboQ,UCvzGlP9oQwU--Y0r9id_jnA,Subaru Ch. 大空スバル,【まったり雑談】07/17  おあようスバル【ホロライブ/大空スバル】,46,78607,4864,23,2020-07-18,【 まったり 雑談 】 07 / 17 お あ よう スバル 【 ホロライブ / 大空 スバル 】
2020-07-17T13:10:53Z,2Nckiit-KL8,UCvzGlP9oQwU--Y0r9id_jnA,Subaru Ch. 大空スバル,【神ゲー】第六回ソセレ大会！！！！！まとめてかかってこいや！！！！【ホロライブ/大空スバル】,98,179556,6272,39,2020-07-17,【 神 ゲー 】 第 六 回 ソセレ 大会 !!!!! まとめ て かかっ て こい や !!!!【 ホロライブ / 大空 スバル 】
2020-07-16T13:42:00Z,c9LR0w0A2M8,UCvzGlP9oQwU--Y0r9id_jnA,Subaru Ch. 大空スバル,【ホロ鯖】橋建築の為の！！！！！！ソロトリケラトプステイム！！！！！【ホロライブ/大空スバル】,35,70417,3943,39,2020-07-16,【 ホロ 鯖 】 橋 建築 の 為 の !!!!!! ソロトリケラトプステイム !!!!!【 ホロライブ / 大空 スバル 】
2020-07-15T14:35:52Z,3bbRdHvB43A,UCvzGlP9oQwU--Y0r9id_jnA,Subaru Ch. 大空スバル,【Cities Skyline】スバル市長！！街につくるよ「羅生門」！！！！！【ホロライブ/大空スバル】,30,59232,3298,17,2020-07-15,【 Cities   Skyline 】 スバル 市長 !! 街 に つくる よ 「 羅生門 」 !!!!!【 ホロライブ / 大空 スバル 】
2020-07-12T14:13:37Z,Lk47ccdfZ34,UCvzGlP9oQwU--Y0r9id_jnA,Subaru Ch. 大空スバル,【ホラゲー】🥺🥺🥺🥺PI🥺🥺🥺🥺E🥺🥺🥺🥺N🥺🥺🥺🥺【ホロライブ/大空スバル】,99,99642,5633,19,2020-07-12,【 ホラゲー 】 🥺🥺🥺🥺 PI 🥺🥺🥺🥺 E 🥺🥺🥺🥺 N 🥺🥺🥺🥺 【 ホロライブ / 大空 スバル 】
2020-07-12T07:53:58Z,Om7gt-53kls,UCvzGlP9oQwU--Y0r9id_jnA,Subaru Ch. 大空スバル,【初見実況#６】アサシンクリード4！！！やる！！！！！【ホロライブ/大空スバル】,37,33248,2428,12,2020-07-12,【 初 見 実況 # 6 】 アサ シンク リード 4 !!! やる !!!!!【 ホロライブ / 大空 スバル 】
2020-07-11T07:17:55Z,3bOlvSFrLnQ,UCvzGlP9oQwU--Y0r9id_jnA,Subaru Ch. 大空スバル,【初見実況#５】アサシンクリード4！！！やる！！！！！【ホロライブ/大空スバル】,41,38515,2392,14,2020-07-11,【 初 見 実況 # 5 】 アサ シンク リード 4 !!! やる !!!!!【 ホロライブ / 大空 スバル 】
2020-07-11T02:58:51Z,ALccXArqFgw,UCvzGlP9oQwU--Y0r9id_jnA,Subaru Ch. 大空スバル,【まったり雑談】07/11  おあようスバル【ホロライブ/大空スバル】,41,83860,4212,19,2020-07-11,【 まったり 雑談 】 07 / 11 お あ よう スバル 【 ホロライブ / 大空 スバル 】
2020-07-09T13:21:42Z,xoM3nc6wP_Y,UCvzGlP9oQwU--Y0r9id_jnA,Subaru Ch. 大空スバル,【ホロ鯖】ホロ鯖ARK！！！かかってこいや亀！！！！！！【ホロライブ/大空スバル】,35,88029,3644,49,2020-07-09,【 ホロ 鯖 】 ホロ 鯖 ARK !!! かかっ て こい や 亀 !!!!!!【 ホロライブ / 大空 スバル 】
2020-07-08T13:10:00Z,ZG86bIdRGrQ,UCvzGlP9oQwU--Y0r9id_jnA,Subaru Ch. 大空スバル,【たのじみ！！】プレゼントをあける会【ホロライブ/大空スバル】,38,85078,4412,12,2020-07-08,【 た の じみ !!】 プレゼント を あける 会 【 ホロライブ / 大空 スバル 】
2020-07-05T16:22:40Z,LsfdQaQk-C0,UCvzGlP9oQwU--Y0r9id_jnA,Subaru Ch. 大空スバル,【ホロ鯖】初心者です優しくしてくださいARK【ホロライブ/大空スバル】,47,105417,4515,28,2020-07-05,【 ホロ 鯖 】 初心者 です 優しく し て ください ARK 【 ホロライブ / 大空 スバル 】
2020-07-05T08:19:21Z,4yVUd5HOujM,UCvzGlP9oQwU--Y0r9id_jnA,Subaru Ch. 大空スバル,【初見実況#４】アサシンクリード4！！！やる！！！！！【ホロライブ/大空スバル】,43,47303,2871,13,2020-07-05,【 初 見 実況 # 4 】 アサ シンク リード 4 !!! やる !!!!!【 ホロライブ / 大空 スバル 】
2020-07-02T12:18:24Z,ODT0DOpfU-0,UCvzGlP9oQwU--Y0r9id_jnA,Subaru Ch. 大空スバル,【 #大空スバル誕生日 】第一回大空スバル印象調査会【17.2さい！】,201,248824,12908,138,2020-07-02,【 # 大空 スバル 誕生 日 】 第 一 回 大空 スバル 印象 調査 会 【 17 . 2 さい !】
2020-07-01T16:47:18Z,ljPIJJ9Y09U,UCvzGlP9oQwU--Y0r9id_jnA,Subaru Ch. 大空スバル,【おはなし】生誕祭前の雑談&amp;振り返り放送【ホロライブ/大空スバル】,41,71637,4093,15,2020-07-01,【 お はなし 】 生誕 祭 前 の 雑談 & amp ; 振り返り 放送 【 ホロライブ / 大空 スバル 】
2020-06-30T16:42:43Z,X6uHxzwMTnU,UCvzGlP9oQwU--Y0r9id_jnA,Subaru Ch. 大空スバル,【Citiies Skyline】スバル市長！！関所で経済を立て直すッス！！！！！！【ホロライブ/大空スバル】,24,86473,3757,23,2020-06-30,【 Citiies   Skyline 】 スバル 市長 !! 関所 で 経済 を 立て直す ッス !!!!!!【 ホロライブ / 大空 スバル 】
2020-06-28T13:38:25Z,yU1l7Ek9eZk,UCvzGlP9oQwU--Y0r9id_jnA,Subaru Ch. 大空スバル,【視聴者参加型】第二回！IQ５憶のスバルと学力バトルッス！！！！【クイズバトルオンライン】,37,88057,3282,30,2020-06-28,【 視聴 者 参加 型 】 第 二 回 ! IQ 5 憶 の スバル と 学力 バトルッス !!!!【 クイズバトルオンライン 】
2020-06-28T10:07:11Z,HpmNOPEWFCI,UCvzGlP9oQwU--Y0r9id_jnA,Subaru Ch. 大空スバル,【初見実況#３】アサシンクリード4！！！やる！！！！！【ホロライブ/大空スバル】,80,64570,3234,15,2020-06-28,【 初 見 実況 # 3 】 アサ シンク リード 4 !!! やる !!!!!【 ホロライブ / 大空 スバル 】
2020-06-27T02:27:08Z,Z3sPjFphtAk,UCvzGlP9oQwU--Y0r9id_jnA,Subaru Ch. 大空スバル,【まったり雑談】06/27  おあようスバル【ホロライブ/大空スバル】,32,80117,4043,10,2020-06-27,【 まったり 雑談 】 06 / 27 お あ よう スバル 【 ホロライブ / 大空 スバル 】
2020-06-26T13:30:04Z,t-Y-UnC2HQo,UCvzGlP9oQwU--Y0r9id_jnA,Subaru Ch. 大空スバル,【うたみた】恋の魔法【ホロライブ/大空スバル】,4086,3568172,105215,353,2020-06-26,【 うた み た 】 恋 の 魔法 【 ホロライブ / 大空 スバル 】
2020-06-24T14:09:21Z,QvaYA-6BvJw,UCvzGlP9oQwU--Y0r9id_jnA,Subaru Ch. 大空スバル,【初見実況#２】アサシンクリード4！！！やる！！！！！！！！！！【ホロライブ/大空スバル】,89,60222,3212,26,2020-06-24,【 初 見 実況 # 2 】 アサ シンク リード 4 !!! やる !!!!!!!!!!【 ホロライブ / 大空 スバル 】
2020-06-23T13:06:55Z,56e4tcsyHlI,UCvzGlP9oQwU--Y0r9id_jnA,Subaru Ch. 大空スバル,【アｱｱｱｱｱｱｱｱｱｱ】うたう【ホロライブ/大空スバル】,163,160792,8019,26,2020-06-23,【 アアアアアアアアアアア 】 うたう 【 ホロライブ / 大空 スバル 】
2020-06-20T14:32:56Z,xxBVoLB6eMA,UCvzGlP9oQwU--Y0r9id_jnA,Subaru Ch. 大空スバル,【 #ホロライブFAMS 】嘘を真実に変えろ！エイプリルフールゲーム【嘘つき人狼】,87,289808,10309,93,2020-06-20,【 # ホロライブ FAMS 】 嘘 を 真実 に 変えろ ! エイプリルフールゲーム 【 嘘つき 人 狼 】
2020-06-20T04:09:35Z,BNNUSaKxQZc,UCvzGlP9oQwU--Y0r9id_jnA,Subaru Ch. 大空スバル,【まったり雑談】06/20  おあようスバル【ホロライブ/大空スバル】,54,149454,7928,107,2020-06-20,【 まったり 雑談 】 06 / 20 お あ よう スバル 【 ホロライブ / 大空 スバル 】
2020-06-19T12:35:23Z,DK_JVq6qXTk,UCvzGlP9oQwU--Y0r9id_jnA,Subaru Ch. 大空スバル,【Citiies Skyline】スバル市長！！ホロライブシティ作るッス！！！！！！【ホロライブ/大空スバル】,56,93709,3905,42,2020-06-19,【 Citiies   Skyline 】 スバル 市長 !! ホロライブシティ 作る ッス !!!!!!【 ホロライブ / 大空 スバル 】
2020-06-18T13:57:42Z,m_7wMJfMKiQ,UCvzGlP9oQwU--Y0r9id_jnA,Subaru Ch. 大空スバル,【雑談】スバルの１番の闇期、小学校時代のぞいてく？？？？【ホロライブ/大空スバル】,84,104437,4320,25,2020-06-18,【 雑談 】 スバル の 1 番 の 闇 期 、 小学校 時代 のぞい て く ????【 ホロライブ / 大空 スバル 】
2020-06-13T11:16:06Z,kVnUHnz8mcc,UCvzGlP9oQwU--Y0r9id_jnA,Subaru Ch. 大空スバル,【 #WWhololive 】ワールドワイドホロライブ！！国際交流するッス！！！【日本語放送】,329,261322,12804,216,2020-06-13,【 # WWhololive 】 ワールドワイドホロライブ !! 国際 交流 する ッス !!!【 日本語 放送 】
2020-06-13T03:15:16Z,Qa6NQVmTPt0,UCvzGlP9oQwU--Y0r9id_jnA,Subaru Ch. 大空スバル,【まったり雑談】06/13  おあようスバル【ホロライブ/大空スバル】,93,110126,4974,72,2020-06-13,【 まったり 雑談 】 06 / 13 お あ よう スバル 【 ホロライブ / 大空 スバル 】
2020-06-12T14:15:08Z,zs47h3uXbYg,UCvzGlP9oQwU--Y0r9id_jnA,Subaru Ch. 大空スバル,【 #100均ホロライブ 】メンバーの私物を見抜け！！！！100均ホロライブ！！！【yhea!!】,134,353284,10534,142,2020-06-12,【 # 100 均 ホロライブ 】 メンバー の 私物 を 見抜け !!!! 100 均 ホロライブ !!!【 yhea !!】
2020-06-11T15:26:45Z,wXxrf7NOzmA,UCvzGlP9oQwU--Y0r9id_jnA,Subaru Ch. 大空スバル,【 #ホロワードウルフ 】ワードウルフホロライブ！！！！！！【勝！！！！！】,372,703371,17131,222,2020-06-11,【 # ホロワードウルフ 】 ワードウルフホロライブ !!!!!!【 勝 !!!!!】
2020-06-10T11:24:51Z,ksrSUoMrQBg,UCvzGlP9oQwU--Y0r9id_jnA,Subaru Ch. 大空スバル,【雑談】家族のおもしろエピソード雑談！！！【ホロライブ/大空スバル】,47,83266,3952,62,2020-06-10,【 雑談 】 家族 の おもしろ エピソード 雑談 !!!【 ホロライブ / 大空 スバル 】
2020-06-06T02:59:33Z,bmwV1JGEGMU,UCvzGlP9oQwU--Y0r9id_jnA,Subaru Ch. 大空スバル,【まったり雑談】06/06  おはようスバル【ホロライブ/大空スバル】,138,105907,4587,323,2020-06-06,【 まったり 雑談 】 06 / 06 おはよう スバル 【 ホロライブ / 大空 スバル 】
2020-06-05T14:46:39Z,Teyrh2YgkMc,UCvzGlP9oQwU--Y0r9id_jnA,Subaru Ch. 大空スバル,【これが】ホロライブVtuberのリアルな1日レポート！？大空スバルの場合【リアルだ】,459,162755,6354,1436,2020-06-05,【 これ が 】 ホロライブ Vtuber の リアル な 1 日 レポート !? 大空 スバル の 場合 【 リアル だ 】
2020-06-04T13:30:07Z,p7MHDoDgNJE,UCvzGlP9oQwU--Y0r9id_jnA,Subaru Ch. 大空スバル,【初体験レポ】他称陽キャが人生初ソロでアニメイトに行った結果【ホロライブ/大空スバル】,70,156000,6001,79,2020-06-04,【 初 体験 レポ 】 他称 陽 キャ が 人生 初 ソロ で アニメイト に 行っ た 結果 【 ホロライブ / 大空 スバル 】
2020-06-03T12:40:48Z,cU3-w6Mlbu4,UCvzGlP9oQwU--Y0r9id_jnA,Subaru Ch. 大空スバル,【DM雑談】あなたの推し布教の仕方教えてください！！【ホロライブ/大空スバル】,38,77864,3231,31,2020-06-03,【 DM 雑談 】 あなた の 推し 布教 の 仕方 教え て ください !!【 ホロライブ / 大空 スバル 】
2020-05-31T15:03:02Z,ThtcrBgB4KY,UCvzGlP9oQwU--Y0r9id_jnA,Subaru Ch. 大空スバル,【初見実況#7】3ルート目！！ニーアオートマタ：NieR:Automata【ホロライブ/大空スバル】,176,332770,8074,155,2020-05-31,【 初 見 実況 # 7 】 3 ルート 目 !! ニーアオートマタ : NieR : Automata 【 ホロライブ / 大空 スバル 】
2020-05-30T11:30:28Z,_9wjzXgUNZg,UCvzGlP9oQwU--Y0r9id_jnA,Subaru Ch. 大空スバル,【初見実況#6】2ルート目！！ニーアオートマタ：NieR:Automata【ホロライブ/大空スバル】,55,155062,3966,48,2020-05-30,【 初 見 実況 # 6 】 2 ルート 目 !! ニーアオートマタ : NieR : Automata 【 ホロライブ / 大空 スバル 】
2020-05-27T14:31:17Z,CilmeyFFZVg,UCvzGlP9oQwU--Y0r9id_jnA,Subaru Ch. 大空スバル,【初見実況#5】2ルート目！！ニーアオートマタ【ホロライブ/大空スバル】,22,89344,2772,24,2020-05-27,【 初 見 実況 # 5 】 2 ルート 目 !! ニーアオートマタ 【 ホロライブ / 大空 スバル 】
2020-05-24T13:10:27Z,wDw_Jh7COUM,UCvzGlP9oQwU--Y0r9id_jnA,Subaru Ch. 大空スバル,【初見実況#４】2ルート目！！ニーアオートマタ【ホロライブ/大空スバル】,37,123995,3170,37,2020-05-24,【 初 見 実況 # 4 】 2 ルート 目 !! ニーアオートマタ 【 ホロライブ / 大空 スバル 】
2020-05-23T11:34:04Z,bv18ednRKsk,UCvzGlP9oQwU--Y0r9id_jnA,Subaru Ch. 大空スバル,【初見実況#3】ニーアオートマタ【ホロライブ/大空スバル】,78,161216,4164,62,2020-05-23,【 初 見 実況 # 3 】 ニーアオートマタ 【 ホロライブ / 大空 スバル 】
2020-05-10T13:46:49Z,5yj-K9ybHBQ,UCvzGlP9oQwU--Y0r9id_jnA,Subaru Ch. 大空スバル,【祝四周年】視聴者参加ソーセージレジェンド大会！！【ホロライブ/大空スバル】,109,117006,3737,37,2020-05-10,【 祝 四 周年 】 視聴 者 参加 ソーセージレジェンド 大会 !!【 ホロライブ / 大空 スバル 】
2020-04-30T13:15:04Z,PG9Htrxb1i4,UCvzGlP9oQwU--Y0r9id_jnA,Subaru Ch. 大空スバル,【ホラゲー】steam評価🌟10？！MadFatherする！！1日目【ホロライブ/大空スバル】,28,57036,2286,14,2020-04-30,【 ホラゲー 】 steam 評価 🌟 10 ?! MadFather する !! 1 日 目 【 ホロライブ / 大空 スバル 】
2020-04-02T11:37:57Z,j7pscvBhPWc,UCvzGlP9oQwU--Y0r9id_jnA,Subaru Ch. 大空スバル,【視聴者参加型】大空家テトリス大会練習日記！！プレイ時間20時間目【ガチ練枠】,18,34075,1292,10,2020-04-02,【 視聴 者 参加 型 】 大 空家 テトリス 大会 練習 日記 !! プレイ 時間 20 時間 目 【 ガチ 練 枠 】
2020-03-31T14:14:23Z,7X2l2X3UtWE,UCvzGlP9oQwU--Y0r9id_jnA,Subaru Ch. 大空スバル,【視聴者参加型】あつ森のスバルの家を0から視聴者がコーディネートする企画【アイドルの部屋公開】,33,48114,1921,12,2020-03-31,【 視聴 者 参加 型 】 あつ 森 の スバル の 家 を 0 から 視聴 者 が コーディネート する 企画 【 アイドル の 部屋 公開 】
2020-02-06T16:42:40Z,MndFEme2vlM,UCvzGlP9oQwU--Y0r9id_jnA,Subaru Ch. 大空スバル,【ARK】最早なんでもいいからテイムしたいスバルさま【ホロ鯖】,21,74413,2503,31,2020-02-06,【 ARK 】 最早 なん でも いい から テイム し たい スバル さま 【 ホロ 鯖 】
2020-02-06T14:35:02Z,8iXGFVfKYgc,UCvzGlP9oQwU--Y0r9id_jnA,Subaru Ch. 大空スバル,【UNDERTALE】Pルートで号泣するだけのスバル 【初見Pルート攻略】,147,216650,4945,79,2020-02-06,【 UNDERTALE 】 P ルート で 号泣 する だけ の スバル 【 初 見 P ルート 攻略 】
2020-01-31T16:33:18Z,tUD46kVJH58,UCvzGlP9oQwU--Y0r9id_jnA,Subaru Ch. 大空スバル,【初心者🔰】ティラノサウルスの神になる！！！！！【ARK】,29,65680,2387,21,2020-01-31,【 初心者 🔰 】 ティラノサウルス の 神 に なる !!!!!【 ARK 】
2020-01-29T15:37:03Z,I4wouNP9EC8,UCvzGlP9oQwU--Y0r9id_jnA,Subaru Ch. 大空スバル,【体験】コスプレカフェに母ちゃんと行ったら軍人に根性叩き直されたの巻【 レポート】,66,101879,3397,9,2020-01-29,【 体験 】 コスプレカフェ に 母ちゃん と 行っ たら 軍人 に 根性 叩き 直さ れ た の 巻 【 レポート 】
2020-01-18T13:00:09Z,qrZtEACCwIU,UCvzGlP9oQwU--Y0r9id_jnA,Subaru Ch. 大空スバル,【ガチ恋】どぅーまいべすと！歌ってみた！【ぢろ】,4309,3436727,98342,412,2020-01-18,【 ガチ 恋 】 ど ぅ ー まい べ す と ! 歌っ て み た !【 ぢ ろ 】
