timezone,videoId,channelId,channelTitle,title,thumbnailURL,commentCount,viewCount,likeCount,dislikeCount,date
2021-11-07T08:33:40Z,iEte0-sMB1g,UCvzGlP9oQwU--Y0r9id_jnA,Subaru Ch. 大空スバル,【#５】シリーズ初見！！！龍が如く極するしゅばああああああああああああ！！！！！！：YAKUZA KIWAMI【※ネタバレあり】,https://i.ytimg.com/vi/iEte0-sMB1g/mqdefault.jpg,67,214731,10043,62,2021-11-07
2021-11-06T13:07:29Z,EaqSdZEje8A,UCvzGlP9oQwU--Y0r9id_jnA,Subaru Ch. 大空スバル,【本番】白Aチーム！！！いくぞおおおおおおおおおお！！！！！【#ホロライブ大運動会2021】,https://i.ytimg.com/vi/EaqSdZEje8A/mqdefault.jpg,179,675374,26871,91,2021-11-06
2021-11-05T13:20:00Z,yGPHk99eAtI,UCvzGlP9oQwU--Y0r9id_jnA,Subaru Ch. 大空スバル,【#生スバル】みんなでゆる練習するしゅばあああああああああ！！！！！！/MINE CFAFT【ホロライブ/大空スバル】,https://i.ytimg.com/vi/yGPHk99eAtI/mqdefault.jpg,51,191837,10686,44,2021-11-05
2021-11-03T13:55:40Z,rlpDf4q_zNY,UCvzGlP9oQwU--Y0r9id_jnA,Subaru Ch. 大空スバル,【#生スバル】みんなでゆる練習するしゅばあああああああああ！！！！！！/MINE CFAFT【ホロライブ/大空スバル】,https://i.ytimg.com/vi/rlpDf4q_zNY/mqdefault.jpg,98,326536,13366,39,2021-11-03
2021-11-02T16:54:55Z,seJ0RcOWbOw,UCvzGlP9oQwU--Y0r9id_jnA,Subaru Ch. 大空スバル,【#６】最終回間近！？カスタムロボV2やるしゅばああああああああああああああ/CUSTOM ROBO V2【ホロライブ/大空スバル】,https://i.ytimg.com/vi/seJ0RcOWbOw/mqdefault.jpg,57,147797,7735,50,2021-11-02
2021-11-02T12:27:52Z,mrG9WZGGS8Y,UCvzGlP9oQwU--Y0r9id_jnA,Subaru Ch. 大空スバル,【#生スバル】ホロライブ運動会！いくぞ白Aチーム！！！ぷち練習会！：MINECRAFT【ホロライブ/大空スバル】,https://i.ytimg.com/vi/mrG9WZGGS8Y/mqdefault.jpg,50,148861,9456,37,2021-11-02
2021-10-31T11:35:24Z,3wjfIrofYOU,UCvzGlP9oQwU--Y0r9id_jnA,Subaru Ch. 大空スバル,【#４】シリーズ初見！！！龍が如く極するしゅばああああああああああああ！！！！！！：YAKUZA KIWAMI【※ネタバレあり】,https://i.ytimg.com/vi/3wjfIrofYOU/mqdefault.jpg,80,304542,11477,120,2021-10-31
2021-10-30T10:22:02Z,4iAiwgEcTmg,UCvzGlP9oQwU--Y0r9id_jnA,Subaru Ch. 大空スバル,【#３】シリーズ初見！！！龍が如く極するしゅばああああああああああああ！！！！！！：YAKUZA KIWAMI【※ネタバレあり】,https://i.ytimg.com/vi/4iAiwgEcTmg/mqdefault.jpg,83,257535,10896,67,2021-10-30
2021-10-30T02:12:55Z,tIh3jv3GMuQ,UCvzGlP9oQwU--Y0r9id_jnA,Subaru Ch. 大空スバル,【#生スバル】おはすば/free talk【ホロライブ/大空スバル】,https://i.ytimg.com/vi/tIh3jv3GMuQ/mqdefault.jpg,114,179667,12354,47,2021-10-30
2021-10-28T12:35:35Z,g05bmY0mkG4,UCvzGlP9oQwU--Y0r9id_jnA,Subaru Ch. 大空スバル,【#生スバル】マイクラするしゅばあああああああああああああああああああ！！！！！：MINECRAFT【ホロライブ/大空スバル】,https://i.ytimg.com/vi/g05bmY0mkG4/mqdefault.jpg,83,224457,12108,77,2021-10-28
2021-10-26T16:25:00Z,YSowdwODds4,UCvzGlP9oQwU--Y0r9id_jnA,Subaru Ch. 大空スバル,【#生スバル】マーベルのド新作ゲームプレイするしゅばあああああああああああ！！！！！！！：Marvel’s Guardians of the Galaxy game 【ホロライブ/大空スバル】,https://i.ytimg.com/vi/YSowdwODds4/mqdefault.jpg,91,279238,15333,79,2021-10-26
2021-10-24T08:21:34Z,yRBQUCG-ZX8,UCvzGlP9oQwU--Y0r9id_jnA,Subaru Ch. 大空スバル,【#２】シリーズ初見！！！龍が如く極するしゅばああああああああああああ！！！！！！：YAKUZA KIWAMI【※ネタバレあり】,https://i.ytimg.com/vi/yRBQUCG-ZX8/mqdefault.jpg,132,322476,11465,108,2021-10-24
2021-10-23T11:03:12Z,hVqKC-KAVMQ,UCvzGlP9oQwU--Y0r9id_jnA,Subaru Ch. 大空スバル,【#生スバル】シリーズ初見！！！龍が如く極するしゅばああああああああああああ！！！！！！：YAKUZA KIWAMI【※ネタバレあり】,https://i.ytimg.com/vi/hVqKC-KAVMQ/mqdefault.jpg,86,262328,12380,93,2021-10-23
2021-10-23T02:17:23Z,mIVZ2RbcMLY,UCvzGlP9oQwU--Y0r9id_jnA,Subaru Ch. 大空スバル,【#生スバル】おはすば/free talk【ホロライブ/大空スバル】,https://i.ytimg.com/vi/mIVZ2RbcMLY/mqdefault.jpg,82,161977,10954,41,2021-10-23
2021-10-22T13:12:04Z,_Sn1iVjaN5c,UCvzGlP9oQwU--Y0r9id_jnA,Subaru Ch. 大空スバル,【ご褒美】ポケモンセンターで爆買いしてきたしゅばああああああああああああああ！！！！/Open pokemon goods【ホロライブ/大空スバル】,https://i.ytimg.com/vi/_Sn1iVjaN5c/mqdefault.jpg,89,216521,11424,63,2021-10-22
2021-10-21T14:39:24Z,1sp9H3t8-Os,UCvzGlP9oQwU--Y0r9id_jnA,Subaru Ch. 大空スバル,【#５】カスタムロボV2やるしゅばああああああああああああああ/CUSTOM ROBO V2【ホロライブ/大空スバル】,https://i.ytimg.com/vi/1sp9H3t8-Os/mqdefault.jpg,70,191597,8125,58,2021-10-21
2021-10-20T15:44:45Z,oobz3zom2s8,UCvzGlP9oQwU--Y0r9id_jnA,Subaru Ch. 大空スバル,【#生スバル】おはようございます！！！！！マイクラするしゅばあああああああ！！！！！：MINECRAFT【ホロライブ/大空スバル】,https://i.ytimg.com/vi/oobz3zom2s8/mqdefault.jpg,84,387073,17447,115,2021-10-20
2021-10-18T12:05:59Z,FFDWylrdAIo,UCvzGlP9oQwU--Y0r9id_jnA,Subaru Ch. 大空スバル,【#カプとれ】地元最強のクレーン捌きをみるしゅばああああああああああ！！！！/crane game【ホロライブ/大空スバル】,https://i.ytimg.com/vi/FFDWylrdAIo/mqdefault.jpg,78,168601,10452,64,2021-10-18
2021-10-17T09:54:49Z,VHJiG3a-UFA,UCvzGlP9oQwU--Y0r9id_jnA,Subaru Ch. 大空スバル,【#４】カスタムロボV2やるしゅばああああああああああああああ/CUSTOM ROBO V2【ホロライブ/大空スバル】,https://i.ytimg.com/vi/VHJiG3a-UFA/mqdefault.jpg,75,216489,9347,66,2021-10-17
2021-10-16T04:21:29Z,8wUiBGD5rqE,UCvzGlP9oQwU--Y0r9id_jnA,Subaru Ch. 大空スバル,【#生スバル】おはすば/free talk【ホロライブ/大空スバル】,https://i.ytimg.com/vi/8wUiBGD5rqE/mqdefault.jpg,73,228823,11981,58,2021-10-16
2021-10-14T13:29:31Z,p9gcnFmaPrQ,UCvzGlP9oQwU--Y0r9id_jnA,Subaru Ch. 大空スバル,【視聴者参加】方言マリオカート1時間以内に1位目指すしゅばああああああああああああああああああああ！！！！！：Mario Cart【】,https://i.ytimg.com/vi/p9gcnFmaPrQ/mqdefault.jpg,142,250401,13548,72,2021-10-14
2021-10-12T12:05:53Z,EGgV3ZxzY48,UCvzGlP9oQwU--Y0r9id_jnA,Subaru Ch. 大空スバル,【#スバルーナ】ヴァイスシュヴァルツ初開封対決！！！！！！！：Subaluna Card Opening Showdown【ホロライブ】,https://i.ytimg.com/vi/EGgV3ZxzY48/mqdefault.jpg,125,286137,13417,97,2021-10-12
2021-10-10T10:40:39Z,v31p5uJLAQ0,UCvzGlP9oQwU--Y0r9id_jnA,Subaru Ch. 大空スバル,【#最終回】シリーズ完全初見！！！！！mother２！！！！！/EarthBound【ホロライブ/大空スバル】,https://i.ytimg.com/vi/v31p5uJLAQ0/mqdefault.jpg,114,222509,10000,121,2021-10-10
2021-10-09T05:22:16Z,8GoeyH0_2qg,UCvzGlP9oQwU--Y0r9id_jnA,Subaru Ch. 大空スバル,【#生スバル】3周年ライブあざました！！！！！おはすば！/Free Talk about 3D live【ホロライブ/大空スバル】,https://i.ytimg.com/vi/8GoeyH0_2qg/mqdefault.jpg,134,310011,17003,81,2021-10-09
2021-10-08T14:43:20Z,W3vEoLgGxfw,UCvzGlP9oQwU--Y0r9id_jnA,Subaru Ch. 大空スバル,【#３】カスタムロボV2やるしゅばああああああああああああああ/CUSTOM ROBO V2【ホロライブ/大空スバル】,https://i.ytimg.com/vi/W3vEoLgGxfw/mqdefault.jpg,63,260572,10413,91,2021-10-08
2021-10-07T13:10:00Z,mhvHZpK-9Ss,UCvzGlP9oQwU--Y0r9id_jnA,Subaru Ch. 大空スバル,【#大空スバル３周年】おまたせ！今日はたのしんでってな～！！！！：SUBARU 3rd anniversary Live【ホロライブ】,https://i.ytimg.com/vi/mhvHZpK-9Ss/mqdefault.jpg,2097,1107994,82202,312,2021-10-07
2021-10-06T14:04:03Z,gFUpshFisw0,UCvzGlP9oQwU--Y0r9id_jnA,Subaru Ch. 大空スバル,【#生スバル】めちゃめちゃ久しぶりのマイクラっするしゅばああああ！！！！！！/MINECRAFT【ホロライブ/大空スバル】,https://i.ytimg.com/vi/gFUpshFisw0/mqdefault.jpg,208,445596,20777,137,2021-10-06
2021-10-05T12:42:58Z,9TuoUTu_Qvk,UCvzGlP9oQwU--Y0r9id_jnA,Subaru Ch. 大空スバル,【シャニマス】新人Pの大空スバルです！！！かなたPよろしくお願いします！！！！！/THE IDOLM@STER SHINY COLORS【ホロライブ】,https://i.ytimg.com/vi/9TuoUTu_Qvk/mqdefault.jpg,115,233524,11744,228,2021-10-05
2021-10-03T10:03:56Z,XAKpXPc0eh8,UCvzGlP9oQwU--Y0r9id_jnA,Subaru Ch. 大空スバル,【#6】シリーズ完全初見！！！！！mother２！！！！！/EarthBound【ホロライブ/大空スバル】,https://i.ytimg.com/vi/XAKpXPc0eh8/mqdefault.jpg,73,187798,7767,56,2021-10-03
2021-10-02T09:48:06Z,xdB40PK5CCI,UCvzGlP9oQwU--Y0r9id_jnA,Subaru Ch. 大空スバル,【#5】シリーズ完全初見！！！！！mother２！！！！！/EarthBound【ホロライブ/大空スバル】,https://i.ytimg.com/vi/xdB40PK5CCI/mqdefault.jpg,53,175290,7692,63,2021-10-02
2021-10-02T02:13:58Z,jj0ZbUKpBTs,UCvzGlP9oQwU--Y0r9id_jnA,Subaru Ch. 大空スバル,【#生スバル】おはようスバル/FREE TALK【ホロライブ/大空スバル】,https://i.ytimg.com/vi/jj0ZbUKpBTs/mqdefault.jpg,90,153245,8979,67,2021-10-02
2021-09-30T16:24:43Z,ByQZhUyftBk,UCvzGlP9oQwU--Y0r9id_jnA,Subaru Ch. 大空スバル,【#生スバル】ずっっっとやりたかったリトルナイトメアするしゅばあああああああああああ！！！：LITTLE NIGHTMARES【ネタバレあり】,https://i.ytimg.com/vi/ByQZhUyftBk/mqdefault.jpg,104,313681,13995,113,2021-09-30
2021-09-29T14:55:54Z,R_OjqP8Et3w,UCvzGlP9oQwU--Y0r9id_jnA,Subaru Ch. 大空スバル,【#生スバル】初見実況カスタムロボV2させてくださいおねがいします！！！！！！！：CUSTOM ROBO V2【ホロライブ】,https://i.ytimg.com/vi/R_OjqP8Et3w/mqdefault.jpg,101,249262,9330,61,2021-09-29
2021-09-25T11:17:49Z,nnGC2h5cK5c,UCvzGlP9oQwU--Y0r9id_jnA,Subaru Ch. 大空スバル,【#4】シリーズ完全初見！！！！！mother２！！！！！/EarthBound【ホロライブ/大空スバル】,https://i.ytimg.com/vi/nnGC2h5cK5c/mqdefault.jpg,89,225145,9120,102,2021-09-25
2021-09-25T02:10:36Z,bm79RjIbMKA,UCvzGlP9oQwU--Y0r9id_jnA,Subaru Ch. 大空スバル,【#生スバル】おはスバ！/FREE TALK【ホロライブ/大空スバル】,https://i.ytimg.com/vi/bm79RjIbMKA/mqdefault.jpg,69,136891,9413,48,2021-09-25
2021-09-24T14:10:10Z,74wD6IXwpQo,UCvzGlP9oQwU--Y0r9id_jnA,Subaru Ch. 大空スバル,【#１】初見実況カスタムロボV2させてくださいおねがいします！！！！！！！：CUSTOM ROBO V2【ホロライブ/大空スバル】,https://i.ytimg.com/vi/74wD6IXwpQo/mqdefault.jpg,138,310996,12950,85,2021-09-24
2021-09-23T13:57:17Z,90ilZPcR3Jg,UCvzGlP9oQwU--Y0r9id_jnA,Subaru Ch. 大空スバル,【#スバちょこるなたん】L4D2でチームワークをみせてやるしゅばあああああ！！！！！：Left 4 Dead 2【ホロライブ/大空スバル】,https://i.ytimg.com/vi/90ilZPcR3Jg/mqdefault.jpg,71,162428,10031,29,2021-09-23
2021-09-22T13:46:29Z,dQ1pQ6nOzCE,UCvzGlP9oQwU--Y0r9id_jnA,Subaru Ch. 大空スバル,【#生スバル】告知有？！ワンチャンまじで凸待ちO？！；；ソセレ凸待ち！！！：SAUSAGE LEGEND【ホロライブ/大空スバル】,https://i.ytimg.com/vi/dQ1pQ6nOzCE/mqdefault.jpg,80,419088,18384,98,2021-09-22
2021-09-21T14:21:43Z,IbtSdflEebg,UCvzGlP9oQwU--Y0r9id_jnA,Subaru Ch. 大空スバル,【#スバちょこるなたん】ゾンビぶっ倒すしゅばあああああああああ！！！！：WATCH DOGS LEGION【大空スバル視点】,https://i.ytimg.com/vi/IbtSdflEebg/mqdefault.jpg,55,181323,9378,36,2021-09-21
2021-09-19T09:17:53Z,_ymzFDKSmg8,UCvzGlP9oQwU--Y0r9id_jnA,Subaru Ch. 大空スバル,【#3】シリーズ完全初見！！！！！mother２！！！！！/EarthBound【ホロライブ/大空スバル】,https://i.ytimg.com/vi/_ymzFDKSmg8/mqdefault.jpg,68,229807,9089,84,2021-09-19
2021-09-18T09:26:18Z,6TXuYTPp7N4,UCvzGlP9oQwU--Y0r9id_jnA,Subaru Ch. 大空スバル,【#2】シリーズ完全初見！！！！！mother２！！！！！/EarthBound【ホロライブ/大空スバル】,https://i.ytimg.com/vi/6TXuYTPp7N4/mqdefault.jpg,69,286765,9192,111,2021-09-18
2021-09-18T02:17:15Z,3qhw9dGnobg,UCvzGlP9oQwU--Y0r9id_jnA,Subaru Ch. 大空スバル,【#生スバル】おはスバ！/FREE TALK【ホロライブ/大空スバル】,https://i.ytimg.com/vi/3qhw9dGnobg/mqdefault.jpg,107,138326,9244,46,2021-09-18
2021-09-17T15:21:47Z,FiUMy_htQD0,UCvzGlP9oQwU--Y0r9id_jnA,Subaru Ch. 大空スバル,【#生スバル】大空探偵事務所：ホロのマネージャー調査編：OOZORA detective：Solve the mystery of the hololive manager!【ホロライブ/大空スバル】,https://i.ytimg.com/vi/FiUMy_htQD0/mqdefault.jpg,59,229162,12418,77,2021-09-17
2021-09-17T11:15:25Z,iQYCu_a6eSo,UCvzGlP9oQwU--Y0r9id_jnA,Subaru Ch. 大空スバル,【 #ホロ地球防衛隊】地球防衛軍5みんなでするしゅばあああああああ！！！！！：Earth Defense Force 5【大空スバル視点】,https://i.ytimg.com/vi/iQYCu_a6eSo/mqdefault.jpg,119,237989,10801,53,2021-09-17
2021-09-16T12:24:02Z,bWXmTyubBeE,UCvzGlP9oQwU--Y0r9id_jnA,Subaru Ch. 大空スバル,【#生スバル】スバルの素！1時間ノープラン雑談【ホロライブ/大空スバル】,https://i.ytimg.com/vi/bWXmTyubBeE/mqdefault.jpg,176,210887,15358,71,2021-09-16
2021-09-15T13:09:45Z,Npa15IaXv9I,UCvzGlP9oQwU--Y0r9id_jnA,Subaru Ch. 大空スバル,【視聴者参加】セフィロス解禁！！チーム乱闘？！初心者エンジョイわいわいスマブラ！！！/Super Smash Bros.【ホロライブ/大空スバル】,https://i.ytimg.com/vi/Npa15IaXv9I/mqdefault.jpg,115,279372,12242,81,2021-09-15
2021-09-14T11:14:55Z,OtcN-V3_jr8,UCvzGlP9oQwU--Y0r9id_jnA,Subaru Ch. 大空スバル,【】マジですまん悲しいお知らせ【】,https://i.ytimg.com/vi/OtcN-V3_jr8/mqdefault.jpg,1394,268196,19996,174,2021-09-14
2021-09-12T09:07:32Z,hhVy80ZxIKo,UCvzGlP9oQwU--Y0r9id_jnA,Subaru Ch. 大空スバル,【#生スバル】シリーズ完全初見！！！！！mother２！！！！！/EarthBound【ホロライブ/大空スバル】,https://i.ytimg.com/vi/hhVy80ZxIKo/mqdefault.jpg,131,355679,12232,136,2021-09-12
2021-09-11T08:46:28Z,yZNw_r_Y2kA,UCvzGlP9oQwU--Y0r9id_jnA,Subaru Ch. 大空スバル,【#生スバル】アドベントチルドレンコンプリート同時視聴会/FINAL FANTASY VII ADVENT CHILDREN COMPLETE【ホロライブ/大空スバル】,https://i.ytimg.com/vi/yZNw_r_Y2kA/mqdefault.jpg,138,185260,8345,62,2021-09-11
2021-09-11T04:16:00Z,9s11-3U_0U8,UCvzGlP9oQwU--Y0r9id_jnA,Subaru Ch. 大空スバル,【#生スバル】重大告知有！！！おはスバ！/FREE TALK【ホロライブ/大空スバル】,https://i.ytimg.com/vi/9s11-3U_0U8/mqdefault.jpg,83,232246,12088,83,2021-09-11
2021-09-08T16:48:52Z,sWvQ1yQOX6o,UCvzGlP9oQwU--Y0r9id_jnA,Subaru Ch. 大空スバル,【#生スバル】ハリーポッターと秘密の部屋同時視聴会！！！/Harry Potter and the Chamber of Secrets【ホロライブ/大空スバル】,https://i.ytimg.com/vi/sWvQ1yQOX6o/mqdefault.jpg,58,112407,7117,23,2021-09-08
2021-09-07T12:03:08Z,9lmJg0a-YW8,UCvzGlP9oQwU--Y0r9id_jnA,Subaru Ch. 大空スバル,【#スバちょこるなたん】地獄大くじ引き大会【ホロライブ】,https://i.ytimg.com/vi/9lmJg0a-YW8/mqdefault.jpg,242,442234,20607,109,2021-09-07
2021-09-05T09:14:42Z,i3GEk9TcB40,UCvzGlP9oQwU--Y0r9id_jnA,Subaru Ch. 大空スバル,【#最終回】完全初見！！初代FF７！！！！【ホロライブ/大空スバル】※ネタバレあり,https://i.ytimg.com/vi/i3GEk9TcB40/mqdefault.jpg,228,390138,12826,278,2021-09-05
2021-09-04T09:43:59Z,ndoC4OH3cbc,UCvzGlP9oQwU--Y0r9id_jnA,Subaru Ch. 大空スバル,【#10】最終回間近？！完全初見！！初代FF７！！！！【ホロライブ/大空スバル】※ネタバレあり,https://i.ytimg.com/vi/ndoC4OH3cbc/mqdefault.jpg,101,291560,9868,122,2021-09-04
2021-09-04T02:12:36Z,NoBkt5wobrU,UCvzGlP9oQwU--Y0r9id_jnA,Subaru Ch. 大空スバル,【#生スバル】まだまだ！夏休みスペシャル！？ゲスト有！？おはスバ！/FREE TALK【ホロライブ/大空スバル】,https://i.ytimg.com/vi/NoBkt5wobrU/mqdefault.jpg,65,159564,9049,49,2021-09-04
2021-09-03T13:23:29Z,uRR9vnZ_DmA,UCvzGlP9oQwU--Y0r9id_jnA,Subaru Ch. 大空スバル,【#生スバル】スバルってホラゲー中何db出てんの？検証するぞ！！！！！！/Emily Wants to Play【ホロライブ/大空スバル】,https://i.ytimg.com/vi/uRR9vnZ_DmA/mqdefault.jpg,70,195608,11467,56,2021-09-03
2021-09-02T12:12:43Z,-RKYVgVwkb8,UCvzGlP9oQwU--Y0r9id_jnA,Subaru Ch. 大空スバル,"【#スバおかおっぱぴー】おかうと‼‼あつまれ‼メイドインワリオ：Wario Ware, Inc. Mega Party Game$ with OKAYU【ホロライブ/大空スバル】",https://i.ytimg.com/vi/-RKYVgVwkb8/mqdefault.jpg,73,232281,11377,66,2021-09-02
2021-09-01T14:55:29Z,s7yGgpPUz-0,UCvzGlP9oQwU--Y0r9id_jnA,Subaru Ch. 大空スバル,【#生スバル】夜の街をパトロールするしゅばああああああああああああああああああああ！！！！！/police simulator【ホロライブ/大空スバル】,https://i.ytimg.com/vi/s7yGgpPUz-0/mqdefault.jpg,85,178070,10368,70,2021-09-01
2021-08-31T14:14:45Z,qT-ZzEHfw2s,UCvzGlP9oQwU--Y0r9id_jnA,Subaru Ch. 大空スバル,【#生スバル】ドキドキ！！NGなし？！マシュマロトーク！！！！/NO NG！！！Question tournament！！！【ホロライブ/大空スバル】,https://i.ytimg.com/vi/qT-ZzEHfw2s/mqdefault.jpg,114,333986,14740,99,2021-08-31
2021-08-29T10:21:53Z,Fe3dS4m2trc,UCvzGlP9oQwU--Y0r9id_jnA,Subaru Ch. 大空スバル,【#9】完全初見！！初代FF７！！！！【ホロライブ/大空スバル】※ネタバレあり,https://i.ytimg.com/vi/Fe3dS4m2trc/mqdefault.jpg,117,329605,9155,159,2021-08-29
2021-08-28T10:25:24Z,RFQgzhBubTo,UCvzGlP9oQwU--Y0r9id_jnA,Subaru Ch. 大空スバル,【#8】完全初見！！スバウド探しに行くぞ！！！！！初代FF７！！！！【ホロライブ/大空スバル】※ネタバレあり,https://i.ytimg.com/vi/RFQgzhBubTo/mqdefault.jpg,218,320540,10889,107,2021-08-28
2021-08-27T15:24:23Z,Dx-0rKjfhuk,UCvzGlP9oQwU--Y0r9id_jnA,Subaru Ch. 大空スバル,【#6】完全初見！！いくぞ！！古代種の神殿！！！！初代FF７！！！！【ホロライブ/大空スバル】※ネタバレあり,https://i.ytimg.com/vi/Dx-0rKjfhuk/mqdefault.jpg,191,304691,11241,133,2021-08-27
2021-08-27T13:18:08Z,eOdf9W-80fk,UCvzGlP9oQwU--Y0r9id_jnA,Subaru Ch. 大空スバル,【#ゆるホロチームカート】ホロメンでチーム対抗マリカバトルするしゅばあああああああああああああ！！！！！！！【ホロライブ/大空スバル】,https://i.ytimg.com/vi/eOdf9W-80fk/mqdefault.jpg,57,176636,10047,43,2021-08-27
2021-08-26T13:15:33Z,pcSoZnE2FBs,UCvzGlP9oQwU--Y0r9id_jnA,Subaru Ch. 大空スバル,【#生スバル】夏休みホラー！！！！つぐのひの新作やるしゅばあああああああああ！！！！！/horror game【ホロライブ/大空スバル】,https://i.ytimg.com/vi/pcSoZnE2FBs/mqdefault.jpg,111,208010,11162,54,2021-08-26
2021-08-24T15:58:08Z,V4GGxWUfFXw,UCvzGlP9oQwU--Y0r9id_jnA,Subaru Ch. 大空スバル,【視聴者参加】素人がスマブラした結果/Super Smash Bros.【ホロライブ/大空スバル】,https://i.ytimg.com/vi/V4GGxWUfFXw/mqdefault.jpg,142,266435,10627,61,2021-08-24
2021-08-22T14:48:00Z,9kvMkzJr_l8,UCvzGlP9oQwU--Y0r9id_jnA,Subaru Ch. 大空スバル,【GARTIC PHONE】みんなでお絵描きやるしゅばああああああああああ！！！【ホロライブ/大空スバル】,https://i.ytimg.com/vi/9kvMkzJr_l8/mqdefault.jpg,90,183294,9737,26,2021-08-22
2021-08-22T08:06:04Z,GjLN9uRAmgU,UCvzGlP9oQwU--Y0r9id_jnA,Subaru Ch. 大空スバル,【#7】完全初見！！超えるぞ！！！！雪原！！！初代FF７！！！！【ホロライブ/大空スバル】※ネタバレあり,https://i.ytimg.com/vi/GjLN9uRAmgU/mqdefault.jpg,123,355616,9535,154,2021-08-22
2021-08-21T02:10:46Z,sYUkxO05w-I,UCvzGlP9oQwU--Y0r9id_jnA,Subaru Ch. 大空スバル,【#生スバル】夏休みスペシャル！ゲスト有！？おはスバ！/FREE TALK【ホロライブ/大空スバル】,https://i.ytimg.com/vi/sYUkxO05w-I/mqdefault.jpg,84,177287,10244,47,2021-08-21
2021-08-20T12:03:28Z,0Op5oxqqFL4,UCvzGlP9oQwU--Y0r9id_jnA,Subaru Ch. 大空スバル,【#生スバル】ぼっこぼこにしてやるしゅばあああああああ！！！！！視聴者参加型マリカ/Viewer participation type Mario Kart【ホロライブ/大空スバル】,https://i.ytimg.com/vi/0Op5oxqqFL4/mqdefault.jpg,57,158053,8441,45,2021-08-20
2021-08-19T16:43:12Z,W1MNp6HHwCg,UCvzGlP9oQwU--Y0r9id_jnA,Subaru Ch. 大空スバル,【 #スバちょこるなたん 】ＣＯＤでゾンビ倒すしゅばあああああリベンジあああああああああああ！！！！： Call of Duty：BOCW【大空スバル/ホロライブ】,https://i.ytimg.com/vi/W1MNp6HHwCg/mqdefault.jpg,78,205598,10080,45,2021-08-19
2021-08-18T13:28:48Z,m5goge3MhKY,UCvzGlP9oQwU--Y0r9id_jnA,Subaru Ch. 大空スバル,【#生スバル】夏だね♡花火打ち上げ会場：Fireworks Mania【ホロライブ/大空スバル】,https://i.ytimg.com/vi/m5goge3MhKY/mqdefault.jpg,288,255813,14721,53,2021-08-18
2021-08-16T16:58:57Z,26WKk3kl700,UCvzGlP9oQwU--Y0r9id_jnA,Subaru Ch. 大空スバル,【 #スバちょこるなたん 】ＣＯＤでゾンビ倒すしゅばああああああああああああああああ！！！！： Call of Duty：BOCW【大空スバル/ホロライブ】,https://i.ytimg.com/vi/26WKk3kl700/mqdefault.jpg,100,271566,11500,56,2021-08-16
2021-08-14T09:58:49Z,DYJNpeexpcM,UCvzGlP9oQwU--Y0r9id_jnA,Subaru Ch. 大空スバル,【#4】完全初見！！！！初代FF７！！！！【ホロライブ/大空スバル】※ネタバレあり,https://i.ytimg.com/vi/DYJNpeexpcM/mqdefault.jpg,112,301314,9545,95,2021-08-14
2021-08-14T02:21:12Z,gbgdZM0qN3Y,UCvzGlP9oQwU--Y0r9id_jnA,Subaru Ch. 大空スバル,【#生スバル】夏休みスペシャル！ゲスト有！？おはスバ！/FREE TALK【ホロライブ/大空スバル】,https://i.ytimg.com/vi/gbgdZM0qN3Y/mqdefault.jpg,71,170997,9526,48,2021-08-14
2021-08-11T14:21:11Z,BdF90qYNVOo,UCvzGlP9oQwU--Y0r9id_jnA,Subaru Ch. 大空スバル,【#ホロ怖】本当にあったホロライブの怖い話/Scary stories about holo-lives that really happened【ホロライブ】,https://i.ytimg.com/vi/BdF90qYNVOo/mqdefault.jpg,606,538855,24080,155,2021-08-11
2021-08-10T13:15:37Z,cXL6F8J-GXo,UCvzGlP9oQwU--Y0r9id_jnA,Subaru Ch. 大空スバル,【#生スバル】夏だからスーパーボール作るしゅばああああああああああ！！/making Bouncy ball 【ホロライブ/大空スバル】,https://i.ytimg.com/vi/cXL6F8J-GXo/mqdefault.jpg,119,213279,10902,53,2021-08-10
2021-08-08T09:56:33Z,3bB4MHeQ1Ns,UCvzGlP9oQwU--Y0r9id_jnA,Subaru Ch. 大空スバル,【#3】完全初見！！！！初代FF７！！！！【ホロライブ/大空スバル】※ネタバレあり,https://i.ytimg.com/vi/3bB4MHeQ1Ns/mqdefault.jpg,104,317226,9554,145,2021-08-08
2021-08-07T20:25:24Z,SgPvXloCWGY,UCvzGlP9oQwU--Y0r9id_jnA,Subaru Ch. 大空スバル,【#2】完全初見！！！！初代FF７！！！！【ホロライブ/大空スバル】※ネタバレあり,https://i.ytimg.com/vi/SgPvXloCWGY/mqdefault.jpg,155,340047,11451,84,2021-08-07
2021-08-07T02:12:21Z,tLzXVo8ZCIM,UCvzGlP9oQwU--Y0r9id_jnA,Subaru Ch. 大空スバル,【#生スバル】夏休みスペシャル！ゲスト有！？おはスバ！/FREE TALK【ホロライブ/大空スバル】,https://i.ytimg.com/vi/tLzXVo8ZCIM/mqdefault.jpg,62,170958,10353,49,2021-08-07
2021-08-06T12:50:09Z,vjbcPzja8NU,UCvzGlP9oQwU--Y0r9id_jnA,Subaru Ch. 大空スバル,【#生スバル】1日警察署長するしゅばあああ！！！！：Police Simulator: Patrol Officers【ホロライブ/大空スバル】,https://i.ytimg.com/vi/vjbcPzja8NU/mqdefault.jpg,120,223434,13440,137,2021-08-06
2021-08-05T14:39:21Z,H_jf6Z-6C3Y,UCvzGlP9oQwU--Y0r9id_jnA,Subaru Ch. 大空スバル,【#生スバル】第１１回ソーセージレジェンド大会：SAUSAGE LEGEND【ホロライブ/大空スバル】,https://i.ytimg.com/vi/H_jf6Z-6C3Y/mqdefault.jpg,130,241343,13311,59,2021-08-05
2021-08-04T15:09:26Z,1boT3h-dw1k,UCvzGlP9oQwU--Y0r9id_jnA,Subaru Ch. 大空スバル,【#生スバル】夏休みホラー：人生初青鬼：AOONI【ホロライブ/大空スバル】,https://i.ytimg.com/vi/1boT3h-dw1k/mqdefault.jpg,278,588847,18108,154,2021-08-04
2021-08-01T12:16:17Z,fZY0dD3PxMU,UCvzGlP9oQwU--Y0r9id_jnA,Subaru Ch. 大空スバル,【#subamoon】視聴者参加！ムーナとお絵描き伝言ゲームするしゅばああああ！！！/MOONA collabo【ホロライブ】,https://i.ytimg.com/vi/fZY0dD3PxMU/mqdefault.jpg,197,186584,12627,46,2021-08-01
2021-08-01T10:10:25Z,R937dYOC4Mw,UCvzGlP9oQwU--Y0r9id_jnA,Subaru Ch. 大空スバル,【#1】完全初見！！！！初代FF７！！！！【ホロライブ/大空スバル】※ネタバレあり,https://i.ytimg.com/vi/R937dYOC4Mw/mqdefault.jpg,228,470414,14710,224,2021-08-01
2021-07-31T02:11:32Z,m42ycks1Qls,UCvzGlP9oQwU--Y0r9id_jnA,Subaru Ch. 大空スバル,【#生スバル】おはスバ！/FREE TALK【ホロライブ/大空スバル】,https://i.ytimg.com/vi/m42ycks1Qls/mqdefault.jpg,81,148268,8888,43,2021-07-31
2021-07-28T15:46:46Z,zPCYveAOQJI,UCvzGlP9oQwU--Y0r9id_jnA,Subaru Ch. 大空スバル,【#すばちょこるなたん】ぼたん教官によるスバちょこルーナCoD【大空スバル視点】,https://i.ytimg.com/vi/zPCYveAOQJI/mqdefault.jpg,126,239780,12410,34,2021-07-28
2021-07-27T14:24:15Z,GXJGd8WmEto,UCvzGlP9oQwU--Y0r9id_jnA,Subaru Ch. 大空スバル,"【#ババドナ】無音の世界？！大声出したら即終了！！/If you shout out, it will end immediately【ホロライブ/大空スバル】",https://i.ytimg.com/vi/GXJGd8WmEto/mqdefault.jpg,280,386724,19390,138,2021-07-27
2021-07-27T13:11:19Z,Wz6Os0EzyRM,UCvzGlP9oQwU--Y0r9id_jnA,Subaru Ch. 大空スバル,"【#ババドナ】無音の世界？！大声出したら即終了！！/If you shout out, it will end immediately【ホロライブ/大空スバル】",https://i.ytimg.com/vi/Wz6Os0EzyRM/mqdefault.jpg,125,103543,6383,38,2021-07-27
2021-07-25T08:23:18Z,FrIeQGmkY58,UCvzGlP9oQwU--Y0r9id_jnA,Subaru Ch. 大空スバル,【#生スバル】初見実況！！俺たちの！！！！！レンジャーサインしゅば！！！：GRANBLUE FANTASY【ホロライブ/大空スバル】,https://i.ytimg.com/vi/FrIeQGmkY58/mqdefault.jpg,129,176812,10648,50,2021-07-25
2021-07-24T10:34:35Z,YhRKFUCooik,UCvzGlP9oQwU--Y0r9id_jnA,Subaru Ch. 大空スバル,【#クリア後裏ルート】DQシリーズ完全初見！裏ルートいくぞ！！！ドラゴンクエスト8！！！【ホロライブ/大空スバル】※ネタバレあり,https://i.ytimg.com/vi/YhRKFUCooik/mqdefault.jpg,188,393805,12120,115,2021-07-24
2021-07-24T02:16:39Z,Zdy7fPogJvI,UCvzGlP9oQwU--Y0r9id_jnA,Subaru Ch. 大空スバル,【#生スバル】おきれますように！！！　おはスバ！/FREE TALK【ホロライブ/大空スバル】,https://i.ytimg.com/vi/Zdy7fPogJvI/mqdefault.jpg,61,150390,9692,31,2021-07-24
2021-07-21T15:10:09Z,cPxE14YqJKE,UCvzGlP9oQwU--Y0r9id_jnA,Subaru Ch. 大空スバル,【視聴者参加】みんなはどっち派？！アンケートで決着をつけるしゅばああああああああああ！！！！！！！！/Let`s QUESTIONNAIRE‼‼‼【Viewer participation type】,https://i.ytimg.com/vi/cPxE14YqJKE/mqdefault.jpg,194,203161,13226,77,2021-07-21
2021-07-20T13:11:03Z,cQgLAgOLh74,UCvzGlP9oQwU--Y0r9id_jnA,Subaru Ch. 大空スバル,【#生スバル】悪い子はいねえか～～！！！！大空警察パトロールちゅば！！/MINE CRAFT【大空スバル/ホロライブ】,https://i.ytimg.com/vi/cQgLAgOLh74/mqdefault.jpg,146,351228,14806,121,2021-07-20
2021-07-18T07:10:35Z,Kk9Kq-cfBdg,UCvzGlP9oQwU--Y0r9id_jnA,Subaru Ch. 大空スバル,【観覧注意】顕微鏡配信しゅばあああああああ！！！！/Stream to see the micro world with a microscope【ホロライブ/大空スバル】,https://i.ytimg.com/vi/Kk9Kq-cfBdg/mqdefault.jpg,173,340048,18643,75,2021-07-18
2021-07-17T04:39:02Z,a7QdcTjK2PI,UCvzGlP9oQwU--Y0r9id_jnA,Subaru Ch. 大空スバル,【#生スバル】free talk/おはスバ【ホロライブ/大空スバル】,https://i.ytimg.com/vi/a7QdcTjK2PI/mqdefault.jpg,124,234144,13057,55,2021-07-17
2021-07-11T03:10:22Z,vnaW6DJc-Zc,UCvzGlP9oQwU--Y0r9id_jnA,Subaru Ch. 大空スバル,【#生スバル】free talk/おはスバ【ホロライブ/大空スバル】,https://i.ytimg.com/vi/vnaW6DJc-Zc/mqdefault.jpg,79,199892,11401,53,2021-07-11
2021-07-10T14:42:02Z,PT58tchood4,UCvzGlP9oQwU--Y0r9id_jnA,Subaru Ch. 大空スバル,【#本編最終回】DQシリーズ完全初見！クリアするぞ！！！！！！！ドラゴンクエスト8！！！【ホロライブ/大空スバル】※ネタバレあり,https://i.ytimg.com/vi/PT58tchood4/mqdefault.jpg,185,267794,9339,80,2021-07-10
2021-07-10T10:16:21Z,td5_LE8Ccj8,UCvzGlP9oQwU--Y0r9id_jnA,Subaru Ch. 大空スバル,【#12】DQシリーズ完全初見！ラストダンジョン！！！ドラゴンクエスト8！！！【ホロライブ/大空スバル】※ネタバレあり,https://i.ytimg.com/vi/td5_LE8Ccj8/mqdefault.jpg,107,372519,9578,117,2021-07-10
2021-07-09T13:15:53Z,N16A2XNu0L4,UCvzGlP9oQwU--Y0r9id_jnA,Subaru Ch. 大空スバル,【#大空警察】第２回大空警察しゅばあああああああああああああ/OOZORA POLICE【逮捕しゅば！！！】,https://i.ytimg.com/vi/N16A2XNu0L4/mqdefault.jpg,700,1240774,43333,352,2021-07-09
2021-07-08T12:07:20Z,v_jVJt5ub1o,UCvzGlP9oQwU--Y0r9id_jnA,Subaru Ch. 大空スバル,【料理配信】人生初？！揚げバター作るしゅば！！！！！！！！！！！！/Cooking fried butter First time in my life【】,https://i.ytimg.com/vi/v_jVJt5ub1o/mqdefault.jpg,418,488347,20704,327,2021-07-08
2021-07-04T10:44:11Z,NidpuUfzfrQ,UCvzGlP9oQwU--Y0r9id_jnA,Subaru Ch. 大空スバル,【#11】DQシリーズ完全初見！ドラゴンクエスト8！！！【ホロライブ/大空スバル】※ネタバレあり,https://i.ytimg.com/vi/NidpuUfzfrQ/mqdefault.jpg,144,390709,10778,130,2021-07-04
2021-07-03T10:50:21Z,rJJTJA_T_b0,UCvzGlP9oQwU--Y0r9id_jnA,Subaru Ch. 大空スバル,【#10】DQシリーズ完全初見！ドラゴンクエスト8！！！【ホロライブ/大空スバル】※ネタバレあり,https://i.ytimg.com/vi/rJJTJA_T_b0/mqdefault.jpg,125,310105,9077,89,2021-07-03
2021-07-03T03:37:58Z,BrUuY9wrCdA,UCvzGlP9oQwU--Y0r9id_jnA,Subaru Ch. 大空スバル,【#生スバル】free talk/おはスバ【ホロライブ/大空スバル】,https://i.ytimg.com/vi/BrUuY9wrCdA/mqdefault.jpg,177,232016,13203,39,2021-07-03
2021-07-02T12:13:20Z,I8Q7nMijBys,UCvzGlP9oQwU--Y0r9id_jnA,Subaru Ch. 大空スバル,【#おたおめスバル】おたんじょうび！！！！！！！！！！HAPPY BIRTH DAY SUBARU!!!【見てみな、飛ぶぞ】,https://i.ytimg.com/vi/I8Q7nMijBys/mqdefault.jpg,758,543107,39389,193,2021-07-02
2021-06-30T14:10:58Z,GbTdxtWMrsU,UCvzGlP9oQwU--Y0r9id_jnA,Subaru Ch. 大空スバル,【#生スバル】罰ゲーム！！！需要？！？知らねぇ！！！ガチASMR地獄配信！！！！：DEATH ASMR stream【】,https://i.ytimg.com/vi/GbTdxtWMrsU/mqdefault.jpg,1242,615128,32811,148,2021-06-30
2021-06-28T14:15:32Z,sN9-I9XkcsY,UCvzGlP9oQwU--Y0r9id_jnA,Subaru Ch. 大空スバル,【IDOLY PRIDE】第２部！！アイプラするちゅばああああああああ！！！！！！【#ホロプラ/大空スバル】,https://i.ytimg.com/vi/sN9-I9XkcsY/mqdefault.jpg,31,68779,4707,20,2021-06-28
2021-06-28T04:07:30Z,6a1dDxIsd6Y,UCvzGlP9oQwU--Y0r9id_jnA,Subaru Ch. 大空スバル,【#ホロプラ】第１部！！視聴者参加型アイドルP対決？！アイプラするちゅばああああ！！！！【IDOLY PRIDE/大空スバル】,https://i.ytimg.com/vi/6a1dDxIsd6Y/mqdefault.jpg,53,101071,5911,28,2021-06-28
2021-06-27T15:10:12Z,Bj1jshJaSDY,UCvzGlP9oQwU--Y0r9id_jnA,Subaru Ch. 大空スバル,【#うさ建夏祭り】夏祭りみんなでいくしゅばああああああああああああ！minecraft 【大空スバル視点】,https://i.ytimg.com/vi/Bj1jshJaSDY/mqdefault.jpg,114,328313,13688,32,2021-06-27
2021-06-27T10:59:38Z,2ywSWONXIrM,UCvzGlP9oQwU--Y0r9id_jnA,Subaru Ch. 大空スバル,【#9】DQシリーズ完全初見！ドラゴンクエスト8！！！【ホロライブ/大空スバル】※ネタバレあり,https://i.ytimg.com/vi/2ywSWONXIrM/mqdefault.jpg,144,369398,9882,91,2021-06-27
2021-06-26T10:47:23Z,c6YxMrWaLRE,UCvzGlP9oQwU--Y0r9id_jnA,Subaru Ch. 大空スバル,【#8】DQシリーズ完全初見！ドラゴンクエスト8！！！【ホロライブ/大空スバル】※ネタバレあり,https://i.ytimg.com/vi/c6YxMrWaLRE/mqdefault.jpg,140,329341,9376,87,2021-06-26
2021-06-23T12:42:52Z,69G424cBzms,UCvzGlP9oQwU--Y0r9id_jnA,Subaru Ch. 大空スバル,【#大空建設】夏祭り準備みんなでするしゅばああああああああああ！！minecraft 【大空スバル視点】,https://i.ytimg.com/vi/69G424cBzms/mqdefault.jpg,98,261832,11880,39,2021-06-23
2021-06-22T12:35:39Z,-ixsnZp-E1s,UCvzGlP9oQwU--Y0r9id_jnA,Subaru Ch. 大空スバル,【#イカロスジェットコースター】大清楚アイドルなら常識クイズも余裕しゅば！！！！！スバトワコラボ！/Common sense quiz subatowa【ホロライブ】,https://i.ytimg.com/vi/-ixsnZp-E1s/mqdefault.jpg,142,201337,10557,73,2021-06-22
2021-06-20T04:17:06Z,_fHT34m5W4U,UCvzGlP9oQwU--Y0r9id_jnA,Subaru Ch. 大空スバル,【】free talk/おはスバ【】,https://i.ytimg.com/vi/_fHT34m5W4U/mqdefault.jpg,129,245071,13485,87,2021-06-20
2021-06-19T12:50:41Z,3Y3CXVZf7SE,UCvzGlP9oQwU--Y0r9id_jnA,Subaru Ch. 大空スバル,【#生スバル】NieR Re[in]carnation初見実況するしゅばああああああああああああああああ【ホロライブ/大空スバル】,https://i.ytimg.com/vi/3Y3CXVZf7SE/mqdefault.jpg,69,151434,9448,59,2021-06-19
2021-06-19T08:58:42Z,y7WHzskFGfM,UCvzGlP9oQwU--Y0r9id_jnA,Subaru Ch. 大空スバル,【#7】DQシリーズ完全初見！ドラゴンクエスト8！！！【ホロライブ/大空スバル】※ネタバレあり,https://i.ytimg.com/vi/y7WHzskFGfM/mqdefault.jpg,172,343574,10298,152,2021-06-19
2021-06-16T13:23:33Z,8lLTNBX1U_M,UCvzGlP9oQwU--Y0r9id_jnA,Subaru Ch. 大空スバル,【#生スバル】夏祭り会場みにいくぞ！！！！mine craft！！【ホロライブ/大空スバル】,https://i.ytimg.com/vi/8lLTNBX1U_M/mqdefault.jpg,80,250010,13349,86,2021-06-16
2021-06-15T12:44:14Z,AFq464pVltU,UCvzGlP9oQwU--Y0r9id_jnA,Subaru Ch. 大空スバル,【#生スバル】なんかやばいスタジオでアニメのED収録してきたぞレポ！！：Report on the recording of the anime ED【ホロライブ/大空スバル】,https://i.ytimg.com/vi/AFq464pVltU/mqdefault.jpg,113,217662,11716,40,2021-06-15
2021-06-14T12:30:43Z,gM2oV5F9XEk,UCvzGlP9oQwU--Y0r9id_jnA,Subaru Ch. 大空スバル,【#すばおかみょーん】地獄なりきりUNO【ホロライブ】,https://i.ytimg.com/vi/gM2oV5F9XEk/mqdefault.jpg,219,493696,22631,75,2021-06-14
2021-06-13T12:04:32Z,zwSPBv7W2HI,UCvzGlP9oQwU--Y0r9id_jnA,Subaru Ch. 大空スバル,【#6】DQシリーズ完全初見！ドラゴンクエスト8！！！【ホロライブ/大空スバル】※ネタバレあり,https://i.ytimg.com/vi/zwSPBv7W2HI/mqdefault.jpg,215,425687,11071,110,2021-06-13
2021-06-12T09:55:42Z,GZIdmAhkGwQ,UCvzGlP9oQwU--Y0r9id_jnA,Subaru Ch. 大空スバル,【#5】DQシリーズ完全初見！ドラゴンクエスト8！！！【ホロライブ/大空スバル】※ネタバレあり,https://i.ytimg.com/vi/GZIdmAhkGwQ/mqdefault.jpg,108,335108,10506,87,2021-06-12
2021-06-12T03:20:32Z,gh57KeYIdWU,UCvzGlP9oQwU--Y0r9id_jnA,Subaru Ch. 大空スバル,【】free talk/おはスバ【】,https://i.ytimg.com/vi/gh57KeYIdWU/mqdefault.jpg,76,194089,11290,47,2021-06-12
2021-06-11T14:49:35Z,zxVPdZjZS7U,UCvzGlP9oQwU--Y0r9id_jnA,Subaru Ch. 大空スバル,【#生スバル】The Henry Stickminであそぶしゅばあああああああああ！！！【ホロライブ/大空スバル】,https://i.ytimg.com/vi/zxVPdZjZS7U/mqdefault.jpg,303,308903,18275,73,2021-06-11
2021-06-08T13:37:47Z,RoFhQcpJ_l4,UCvzGlP9oQwU--Y0r9id_jnA,Subaru Ch. 大空スバル,【#生スバル】クリアまで！！びっくり系ホラゲー/Horror game【ホロライブ/大空スバル】,https://i.ytimg.com/vi/RoFhQcpJ_l4/mqdefault.jpg,82,167407,9339,32,2021-06-08
2021-06-06T10:26:16Z,6oeLAo6DFHI,UCvzGlP9oQwU--Y0r9id_jnA,Subaru Ch. 大空スバル,【#4】DQシリーズ完全初見！ドラゴンクエスト8！！！【ホロライブ/大空スバル】※ネタバレあり,https://i.ytimg.com/vi/6oeLAo6DFHI/mqdefault.jpg,141,415302,14544,121,2021-06-06
2021-06-05T09:08:49Z,bIhIq8f5gjM,UCvzGlP9oQwU--Y0r9id_jnA,Subaru Ch. 大空スバル,【#3】DQシリーズ完全初見！ドラゴンクエスト8！！！【ホロライブ/大空スバル】※ネタバレあり,https://i.ytimg.com/vi/bIhIq8f5gjM/mqdefault.jpg,141,361592,11801,123,2021-06-05
2021-06-05T03:09:51Z,YFXr_KJapHI,UCvzGlP9oQwU--Y0r9id_jnA,Subaru Ch. 大空スバル,【#生スバル】おはスバ/Free Talk【ホロライブ/大空スバル】,https://i.ytimg.com/vi/YFXr_KJapHI/mqdefault.jpg,79,227586,12962,53,2021-06-05
2021-06-04T12:08:51Z,8uB_hqKNF5k,UCvzGlP9oQwU--Y0r9id_jnA,Subaru Ch. 大空スバル,【#生スバル】びっくり系ホラゲー/Horror game【ホロライブ/大空スバル】,https://i.ytimg.com/vi/8uB_hqKNF5k/mqdefault.jpg,82,178730,11088,36,2021-06-04
2021-06-03T12:08:24Z,0y3CkFyPcW4,UCvzGlP9oQwU--Y0r9id_jnA,Subaru Ch. 大空スバル,【#スバちょこルーナ】地獄くじ引き？！足つぼダンス？！？かかってこいや！！！！:subachocoruna 3D stream【ホロライブ】,https://i.ytimg.com/vi/0y3CkFyPcW4/mqdefault.jpg,531,627807,36972,133,2021-06-03
2021-06-01T15:12:12Z,m9IQH5WIGuQ,UCvzGlP9oQwU--Y0r9id_jnA,Subaru Ch. 大空スバル,【#生スバル】ハリーポッター賢者の石同時視聴会：Harry Potter and the Philosopher&#39;s Stone movie party!【ホロライブ/大空スバル】,https://i.ytimg.com/vi/m9IQH5WIGuQ/mqdefault.jpg,106,178769,11314,42,2021-06-01
2021-05-30T09:55:31Z,Ov6KR0htGYA,UCvzGlP9oQwU--Y0r9id_jnA,Subaru Ch. 大空スバル,【#2】DQシリーズ完全初見！ドラゴンクエスト8！！！【ホロライブ/大空スバル】※ネタバレあり,https://i.ytimg.com/vi/Ov6KR0htGYA/mqdefault.jpg,155,449077,14323,126,2021-05-30
2021-05-29T08:21:32Z,r1Saj9-GHhg,UCvzGlP9oQwU--Y0r9id_jnA,Subaru Ch. 大空スバル,【#１】DQシリーズ完全初見！ドラゴンクエスト8！！！【ホロライブ/大空スバル】※ネタバレあり,https://i.ytimg.com/vi/r1Saj9-GHhg/mqdefault.jpg,294,518572,17293,172,2021-05-29
2021-05-29T02:46:29Z,u0GBcKzkZcs,UCvzGlP9oQwU--Y0r9id_jnA,Subaru Ch. 大空スバル,【#生スバル】おはスバ/Free Talk【ホロライブ/大空スバル】,https://i.ytimg.com/vi/u0GBcKzkZcs/mqdefault.jpg,176,284723,17223,54,2021-05-29
2021-05-28T12:18:43Z,kdI0vBpWFkQ,UCvzGlP9oQwU--Y0r9id_jnA,Subaru Ch. 大空スバル,【#ポントーク】ギリギリ！！！PONトーク！！！！！！/PON TALK【ホロライブ/みこスバ】,https://i.ytimg.com/vi/kdI0vBpWFkQ/mqdefault.jpg,206,452542,23565,78,2021-05-28
2021-05-26T13:08:54Z,ByESAQZnQXk,UCvzGlP9oQwU--Y0r9id_jnA,Subaru Ch. 大空スバル,【#大空スバル新衣装】90万人記念新衣装大発表会/NEW OUT FIT【ホロライブ/大空スバル】,https://i.ytimg.com/vi/ByESAQZnQXk/mqdefault.jpg,1853,937193,72546,264,2021-05-26
2021-05-24T16:26:10Z,Oj1dunXOn3g,UCvzGlP9oQwU--Y0r9id_jnA,Subaru Ch. 大空スバル,【#最終回】バイオハザードヴィレッジ：Resident Evil Village【ホロライブ/大空スバル】,https://i.ytimg.com/vi/Oj1dunXOn3g/mqdefault.jpg,130,293297,15176,169,2021-05-24
2021-05-24T12:08:18Z,5jyLefFYPyM,UCvzGlP9oQwU--Y0r9id_jnA,Subaru Ch. 大空スバル,【#生スバル】こっちが本当！第十回ソーセージレジェンド大会！！！：sausage legend【レート：1000↑】,https://i.ytimg.com/vi/5jyLefFYPyM/mqdefault.jpg,124,211866,11110,51,2021-05-24
2021-05-23T10:58:41Z,PuvM9PNM8vI,UCvzGlP9oQwU--Y0r9id_jnA,Subaru Ch. 大空スバル,【#2】バイオハザードヴィレッジ：Resident Evil Village【ホロライブ/大空スバル】,https://i.ytimg.com/vi/PuvM9PNM8vI/mqdefault.jpg,138,337315,15820,89,2021-05-23
2021-05-22T10:56:48Z,aqbZ5jk5Tg0,UCvzGlP9oQwU--Y0r9id_jnA,Subaru Ch. 大空スバル,【#生スバル】バイオハザードヴィレッジ：Resident Evil Village【ホロライブ/大空スバル】,https://i.ytimg.com/vi/aqbZ5jk5Tg0/mqdefault.jpg,151,407927,19538,75,2021-05-22
2021-05-22T03:07:29Z,xAh1qYk6Wsc,UCvzGlP9oQwU--Y0r9id_jnA,Subaru Ch. 大空スバル,【#生スバル】おはようスバル：Free Talk【ホロライブ/大空スバル】,https://i.ytimg.com/vi/xAh1qYk6Wsc/mqdefault.jpg,112,199261,13331,42,2021-05-22
2021-05-21T12:25:38Z,K6kJV6b3eqs,UCvzGlP9oQwU--Y0r9id_jnA,Subaru Ch. 大空スバル,【#生スバル】すいません！機材トラブルで来週になります！！！！：sausage legend【レート：1000↑】,https://i.ytimg.com/vi/K6kJV6b3eqs/mqdefault.jpg,143,93030,6242,68,2021-05-21
2021-05-20T13:56:02Z,yp19LT9qJe4,UCvzGlP9oQwU--Y0r9id_jnA,Subaru Ch. 大空スバル,【#生スバル】2年間でスバ友はどう変わった？！リスナー調査しゅば！！！！：subaru lisner Reserch!!!!!!【ホロライブ/大空スバル】,https://i.ytimg.com/vi/yp19LT9qJe4/mqdefault.jpg,163,217863,13700,50,2021-05-20
2021-05-18T14:03:08Z,ZF08XhEAvmg,UCvzGlP9oQwU--Y0r9id_jnA,Subaru Ch. 大空スバル,【#holounggas #holobirds #ホロ鳥】鳥山（bird mountain）つくるしゅばあああああ！！！！/Reine&amp;Subaru Minecraft【大空スバル視点】,https://i.ytimg.com/vi/ZF08XhEAvmg/mqdefault.jpg,94,185455,13505,34,2021-05-18
2021-05-16T11:01:15Z,8J30L8myCKc,UCvzGlP9oQwU--Y0r9id_jnA,Subaru Ch. 大空スバル,【#17】グラブル第一章！完結！！！！！：granblue fantasy story【ホロライブ/大空スバル】,https://i.ytimg.com/vi/8J30L8myCKc/mqdefault.jpg,174,227395,12585,98,2021-05-16
2021-05-15T11:51:16Z,HaKW7hxQJYM,UCvzGlP9oQwU--Y0r9id_jnA,Subaru Ch. 大空スバル,【#最終回】続きやるしゅばああああああ！！Duck May Cry！：DMC３【ホロライブ/大空スバル】,https://i.ytimg.com/vi/HaKW7hxQJYM/mqdefault.jpg,248,263227,13489,82,2021-05-15
2021-05-15T03:22:44Z,pWY59Zu13XI,UCvzGlP9oQwU--Y0r9id_jnA,Subaru Ch. 大空スバル,【#生スバル】おはようスバル/Free Talk【ホロライブ/大空スバル】,https://i.ytimg.com/vi/pWY59Zu13XI/mqdefault.jpg,83,209973,13109,44,2021-05-15
2021-05-14T12:51:21Z,pGdQB7nPOi8,UCvzGlP9oQwU--Y0r9id_jnA,Subaru Ch. 大空スバル,【視聴者参加型】クイズバトルオンラインで勝負ちゅばあああああああああああああ！！！！！！！！！【】,https://i.ytimg.com/vi/pGdQB7nPOi8/mqdefault.jpg,54,148042,9844,50,2021-05-14
2021-05-13T12:05:50Z,cNqbcr8jNHo,UCvzGlP9oQwU--Y0r9id_jnA,Subaru Ch. 大空スバル,【#生スバル】まいくらしゅばあああああああああああああ/マイクラ【ホロライブ/大空スバル】,https://i.ytimg.com/vi/cNqbcr8jNHo/mqdefault.jpg,273,255421,14625,122,2021-05-13
2021-05-12T16:33:05Z,gLuIiQPfHQE,UCvzGlP9oQwU--Y0r9id_jnA,Subaru Ch. 大空スバル,【#生スバル】布教凸待ち/TOTUMACHI【ホロライブ/大空スバル】,https://i.ytimg.com/vi/gLuIiQPfHQE/mqdefault.jpg,120,354038,17477,93,2021-05-12
2021-05-09T08:20:43Z,P0Fq-bKdNro,UCvzGlP9oQwU--Y0r9id_jnA,Subaru Ch. 大空スバル,【#２】リベンジやるしゅばああああああ！！Duck May Cry！：DMC３【ホロライブ/大空スバル】,https://i.ytimg.com/vi/P0Fq-bKdNro/mqdefault.jpg,211,277025,13852,127,2021-05-09
2021-05-08T06:44:21Z,ruYrvVFdij4,UCvzGlP9oQwU--Y0r9id_jnA,Subaru Ch. 大空スバル,【#１】完全初見！悪魔退治やるしゅばああああああ！！！：DMC３【ホロライブ/大空スバル】,https://i.ytimg.com/vi/ruYrvVFdij4/mqdefault.jpg,280,212168,11638,132,2021-05-08
2021-05-08T03:23:28Z,04Ic6Bl1glg,UCvzGlP9oQwU--Y0r9id_jnA,Subaru Ch. 大空スバル,【#生スバル】おはようスバル：FREE TALK【ホロライブ/大空スバル】,https://i.ytimg.com/vi/04Ic6Bl1glg/mqdefault.jpg,77,165590,11213,45,2021-05-08
2021-05-07T13:08:48Z,4FpQSnIs26k,UCvzGlP9oQwU--Y0r9id_jnA,Subaru Ch. 大空スバル,【#生スバル】おかころの間に割り込みたいスバル：モーリーオンライン：claw machine game【たのじみ！！】,https://i.ytimg.com/vi/4FpQSnIs26k/mqdefault.jpg,104,153069,9937,39,2021-05-07
2021-05-05T09:11:42Z,yzVS_fl9rSU,UCvzGlP9oQwU--Y0r9id_jnA,Subaru Ch. 大空スバル,【#生スバル】お兄様！お姉さま大集合！！！行くぞ！！日経賞！！！/ UMAMUSUME【ホロライブ】,https://i.ytimg.com/vi/yzVS_fl9rSU/mqdefault.jpg,69,206312,10087,124,2021-05-05
2021-05-04T11:04:58Z,VSLp--YmgPQ,UCvzGlP9oQwU--Y0r9id_jnA,Subaru Ch. 大空スバル,【】歯の痛みをモンスターにぶつけるモンハンゲリラしゅばああああああああああああああ【】,https://i.ytimg.com/vi/VSLp--YmgPQ/mqdefault.jpg,131,275784,12761,80,2021-05-04
2021-05-02T08:09:56Z,lsygJhiTx2s,UCvzGlP9oQwU--Y0r9id_jnA,Subaru Ch. 大空スバル,【#生スバル】らいすしゃわ～～～～～～わ～～～～！！！！：UMA MUSUME【ホロライブ/大空スバル】,https://i.ytimg.com/vi/lsygJhiTx2s/mqdefault.jpg,118,369372,14460,129,2021-05-02
2021-05-01T09:32:47Z,ji4eRk5WuxA,UCvzGlP9oQwU--Y0r9id_jnA,Subaru Ch. 大空スバル,【#生スバル】完全初見！？ウマ娘しゅばああああああああああ/UMAMUSUME【ホロライブ/大空スバル】,https://i.ytimg.com/vi/ji4eRk5WuxA/mqdefault.jpg,123,352861,12744,173,2021-05-01
2021-05-01T06:05:10Z,ESu_muCBq6k,UCvzGlP9oQwU--Y0r9id_jnA,Subaru Ch. 大空スバル,【#生スバル】完全初見！？ウマ娘しゅばああああああああああ/UMAMUSUME【ホロライブ/大空スバル】,https://i.ytimg.com/vi/ESu_muCBq6k/mqdefault.jpg,86,210045,10850,153,2021-05-01
2021-05-01T01:32:35Z,zgzMM3B9YeY,UCvzGlP9oQwU--Y0r9id_jnA,Subaru Ch. 大空スバル,【】おはすば【】,https://i.ytimg.com/vi/zgzMM3B9YeY/mqdefault.jpg,171,124811,9009,22,2021-05-01
2021-04-30T14:42:55Z,pcpVmdvLGlk,UCvzGlP9oQwU--Y0r9id_jnA,Subaru Ch. 大空スバル,【#生スバル】うま娘が気になりすぎてガチ乗馬しにいったしゅばああああああレポ！！！！/Horseback riding experience report【】,https://i.ytimg.com/vi/pcpVmdvLGlk/mqdefault.jpg,99,167134,11585,39,2021-04-30
2021-04-29T13:30:52Z,9Z81DQCERtU,UCvzGlP9oQwU--Y0r9id_jnA,Subaru Ch. 大空スバル,【#16】1章終盤！第三勢力登場？！なんだおめえら！！！！/gran blue fantasy【ホロライブ/大空スバル】,https://i.ytimg.com/vi/9Z81DQCERtU/mqdefault.jpg,47,136305,9311,41,2021-04-29
2021-04-27T13:46:31Z,STmEvp2WTxc,UCvzGlP9oQwU--Y0r9id_jnA,Subaru Ch. 大空スバル,【#生スバル】バイオハザード7DLC END OF ZOE：RESIDENT EVIL 7 biohazard DLC【ホロライブ/大空スバル】,https://i.ytimg.com/vi/STmEvp2WTxc/mqdefault.jpg,145,215113,13775,62,2021-04-27
2021-04-26T12:45:59Z,WkOCD9o5EAM,UCvzGlP9oQwU--Y0r9id_jnA,Subaru Ch. 大空スバル,【】うおおおおおおおおおおおおお/my voice is.........【】,https://i.ytimg.com/vi/WkOCD9o5EAM/mqdefault.jpg,325,399184,26614,80,2021-04-26
2021-04-20T18:56:16Z,33Rdd1PHRkU,UCvzGlP9oQwU--Y0r9id_jnA,Subaru Ch. 大空スバル,【#２】鬼畜ゲー？！最難関Gルート耐久！：UNDERTALE【ホロライブ/大空スバル】,https://i.ytimg.com/vi/33Rdd1PHRkU/mqdefault.jpg,139,53294,2973,10,2021-04-20
2021-04-20T13:25:32Z,Cq2U6XE8Y68,UCvzGlP9oQwU--Y0r9id_jnA,Subaru Ch. 大空スバル,【#最終回】鬼畜ゲー？！最難関Gルート耐久！本当の本当の最後！：UNDERTALE【ホロライブ/大空スバル】,https://i.ytimg.com/vi/Cq2U6XE8Y68/mqdefault.jpg,130,43143,2921,16,2021-04-20
2021-04-18T12:52:43Z,bir5v6ey1P4,UCvzGlP9oQwU--Y0r9id_jnA,Subaru Ch. 大空スバル,【#生スバル】ロックマン２すばる！まじで最後！！！！！！：Megaman【ホロライブ/大空スバル】,https://i.ytimg.com/vi/bir5v6ey1P4/mqdefault.jpg,189,152153,8803,47,2021-04-18
2021-04-18T11:22:23Z,cHDeTO2Bj0Q,UCvzGlP9oQwU--Y0r9id_jnA,Subaru Ch. 大空スバル,【#生スバル】ロックマン２すばる！クリアまで！！：Megaman【ホロライブ/大空スバル】,https://i.ytimg.com/vi/cHDeTO2Bj0Q/mqdefault.jpg,68,334660,13316,187,2021-04-18
2021-04-17T13:13:47Z,GfYmvsRLAcE,UCvzGlP9oQwU--Y0r9id_jnA,Subaru Ch. 大空スバル,【#生スバル】リベンジ！！ロックマン２すばる！：Megaman【ホロライブ/大空スバル】,https://i.ytimg.com/vi/GfYmvsRLAcE/mqdefault.jpg,208,557268,18629,287,2021-04-17
2021-04-17T03:44:02Z,g5LH-XPQ_oQ,UCvzGlP9oQwU--Y0r9id_jnA,Subaru Ch. 大空スバル,【#生スバル】おはようスバル：FREE TALK【ホロライブ/大空スバル】,https://i.ytimg.com/vi/g5LH-XPQ_oQ/mqdefault.jpg,77,188047,12282,28,2021-04-17
2021-04-16T13:31:28Z,Vzrq6ehJ_Oc,UCvzGlP9oQwU--Y0r9id_jnA,Subaru Ch. 大空スバル,【#生スバル​】バイオハザード7DLC Not a Hero：RESIDENT EVIL 7 biohazard【※ネタバレ有】,https://i.ytimg.com/vi/Vzrq6ehJ_Oc/mqdefault.jpg,86,180688,10829,113,2021-04-16
2021-04-13T11:04:59Z,kKwSqs5rZjI,UCvzGlP9oQwU--Y0r9id_jnA,Subaru Ch. 大空スバル,【#生スバル】初見実況！ロックマン２すばる！：Megaman【ホロライブ/大空スバル】,https://i.ytimg.com/vi/kKwSqs5rZjI/mqdefault.jpg,325,212462,10133,130,2021-04-13
2021-04-12T19:51:40Z,lHtlf0dygPM,UCvzGlP9oQwU--Y0r9id_jnA,Subaru Ch. 大空スバル,【#１】鬼畜ゲー？！最難関Gルート耐久！：UNDERTALE【ホロライブ/大空スバル】,https://i.ytimg.com/vi/lHtlf0dygPM/mqdefault.jpg,186,87272,3816,30,2021-04-12
2021-04-10T09:14:08Z,dNM_iJCGRDQ,UCvzGlP9oQwU--Y0r9id_jnA,Subaru Ch. 大空スバル,【♯15】リーシャと共に！！おひさし本編：GRANBLUE FANTASY【ホロライブ/大空スバル】,https://i.ytimg.com/vi/dNM_iJCGRDQ/mqdefault.jpg,105,230586,10930,81,2021-04-10
2021-04-10T03:32:43Z,cTyPT0Zk4-M,UCvzGlP9oQwU--Y0r9id_jnA,Subaru Ch. 大空スバル,【#生スバル】おはようスバル：FREE TALK【ホロライブ/大空スバル】,https://i.ytimg.com/vi/cTyPT0Zk4-M/mqdefault.jpg,98,192376,12641,66,2021-04-10
2021-04-09T14:54:49Z,8OHLlG2aQTs,UCvzGlP9oQwU--Y0r9id_jnA,Subaru Ch. 大空スバル,【#ホロAmongUs​​​】まじでやばいすばう【ホロライブ/大空スバル視点】,https://i.ytimg.com/vi/8OHLlG2aQTs/mqdefault.jpg,80,239664,13165,63,2021-04-09
2021-04-08T16:30:46Z,9FiX3Cjny4E,UCvzGlP9oQwU--Y0r9id_jnA,Subaru Ch. 大空スバル,【#生スバル】バイオハザード7最終回：RESIDENT EVIL 7 biohazard【ホロライブ/大空スバル】,https://i.ytimg.com/vi/9FiX3Cjny4E/mqdefault.jpg,158,315009,15973,110,2021-04-08
2021-04-06T12:39:00Z,eCk6rDLSBvs,UCvzGlP9oQwU--Y0r9id_jnA,Subaru Ch. 大空スバル,【#生スバル】カプとれでクレーンゲームすばう/Game Center Crane Games【ホロライブ/大空スバル】,https://i.ytimg.com/vi/eCk6rDLSBvs/mqdefault.jpg,87,185202,10266,40,2021-04-06
2021-04-05T14:35:28Z,0pEHPCJMQ08,UCvzGlP9oQwU--Y0r9id_jnA,Subaru Ch. 大空スバル,【#生スバル】バイオハザード7：RESIDENT EVIL 7 biohazard【ホロライブ/大空スバル】,https://i.ytimg.com/vi/0pEHPCJMQ08/mqdefault.jpg,153,329832,14907,105,2021-04-05
2021-04-04T09:51:50Z,TGOenZUIxd4,UCvzGlP9oQwU--Y0r9id_jnA,Subaru Ch. 大空スバル,【#生スバル】バイオハザード7：RESIDENT EVIL 7 biohazard【ホロライブ/大空スバル】,https://i.ytimg.com/vi/TGOenZUIxd4/mqdefault.jpg,384,578598,22950,185,2021-04-04
2021-04-03T04:16:42Z,VW6SVPIiIvU,UCvzGlP9oQwU--Y0r9id_jnA,Subaru Ch. 大空スバル,【#生スバル】おはようスバル：FREE TALK【ホロライブ/大空スバル】,https://i.ytimg.com/vi/VW6SVPIiIvU/mqdefault.jpg,93,214621,12023,42,2021-04-03
2021-04-01T12:45:03Z,VFQzN4iAmtI,UCvzGlP9oQwU--Y0r9id_jnA,Subaru Ch. 大空スバル,【】すばるの！全部ホントニュース！【】,https://i.ytimg.com/vi/VFQzN4iAmtI/mqdefault.jpg,102,287235,14987,55,2021-04-01
2021-03-31T12:52:35Z,7S9XOJEzjao,UCvzGlP9oQwU--Y0r9id_jnA,Subaru Ch. 大空スバル,【#生スバル】帰ってきた！！！！！視聴者分の１！！！【ホロライブ/大空スバル】,https://i.ytimg.com/vi/7S9XOJEzjao/mqdefault.jpg,82,247699,14458,52,2021-03-31
2021-03-28T08:07:27Z,5EqyRq_LxCw,UCvzGlP9oQwU--Y0r9id_jnA,Subaru Ch. 大空スバル,【※ネタバレ有】絶体絶命都市２すばる：Raw Danger２【#生スバル​】,https://i.ytimg.com/vi/5EqyRq_LxCw/mqdefault.jpg,61,128524,7581,42,2021-03-28
2021-03-27T09:11:35Z,6jyuDNoiDwk,UCvzGlP9oQwU--Y0r9id_jnA,Subaru Ch. 大空スバル,【※ネタバレ有】絶体絶命都市２すばる：Raw Danger２【#生スバル​】,https://i.ytimg.com/vi/6jyuDNoiDwk/mqdefault.jpg,54,162446,9302,54,2021-03-27
2021-03-27T03:46:38Z,zpDBzH5NRqw,UCvzGlP9oQwU--Y0r9id_jnA,Subaru Ch. 大空スバル,【】おはようスバル：FREE TALK【】,https://i.ytimg.com/vi/zpDBzH5NRqw/mqdefault.jpg,74,180123,12946,37,2021-03-27
2021-03-25T13:26:50Z,y4ibE6Cl8hs,UCvzGlP9oQwU--Y0r9id_jnA,Subaru Ch. 大空スバル,【※ネタバレ有】絶体絶命都市２すばる：Raw Danger２【#生スバル】,https://i.ytimg.com/vi/y4ibE6Cl8hs/mqdefault.jpg,70,165258,10114,46,2021-03-25
2021-03-24T13:48:03Z,lVxMMjDpJVs,UCvzGlP9oQwU--Y0r9id_jnA,Subaru Ch. 大空スバル,【80万人記念】大空警察！！：OOZORA Police【ホロライブ/大空スバル】,https://i.ytimg.com/vi/lVxMMjDpJVs/mqdefault.jpg,657,1068681,39105,354,2021-03-24
2021-03-23T13:44:46Z,BBRoezXqI3k,UCvzGlP9oQwU--Y0r9id_jnA,Subaru Ch. 大空スバル,【#生スバル】空気読みスバル：Air Reaging Game【ホロライブ/大空スバル】,https://i.ytimg.com/vi/BBRoezXqI3k/mqdefault.jpg,107,203937,11823,54,2021-03-23
2021-03-22T14:39:47Z,sz_Ela139rU,UCvzGlP9oQwU--Y0r9id_jnA,Subaru Ch. 大空スバル,【#最終回】完全初見！トリエル生存ルート！：UNDERTALE【ホロライブ/大空スバル】,https://i.ytimg.com/vi/sz_Ela139rU/mqdefault.jpg,142,54154,2898,21,2021-03-22
2021-03-22T13:52:04Z,qfq5Ve_Ir4Y,UCvzGlP9oQwU--Y0r9id_jnA,Subaru Ch. 大空スバル,【#３】完全初見！アンダーテール：UNDERTALE【ホロライブ/大空スバル】,https://i.ytimg.com/vi/qfq5Ve_Ir4Y/mqdefault.jpg,121,36852,2321,9,2021-03-22
2021-03-21T07:55:08Z,UhlKk6lxUOw,UCvzGlP9oQwU--Y0r9id_jnA,Subaru Ch. 大空スバル,【♯14】とりまトッポブで！スバル！！！！：GRANBLUE FANTASY【ホロライブ/大空スバル】,https://i.ytimg.com/vi/UhlKk6lxUOw/mqdefault.jpg,138,220960,10285,63,2021-03-21
2021-03-20T12:40:07Z,GctNU3HG2SQ,UCvzGlP9oQwU--Y0r9id_jnA,Subaru Ch. 大空スバル,【大空スバル視点】女登呂温泉・湯けむり殺人事件【ホロミス劇場】,https://i.ytimg.com/vi/GctNU3HG2SQ/mqdefault.jpg,61,235163,10133,105,2021-03-20
2021-03-20T05:52:42Z,3m9OsJ3n3gQ,UCvzGlP9oQwU--Y0r9id_jnA,Subaru Ch. 大空スバル,【♯13】グラブル100連ガチャ！：GRANBLUE FANTASY【ホロライブ/大空スバル】,https://i.ytimg.com/vi/3m9OsJ3n3gQ/mqdefault.jpg,121,164512,7203,240,2021-03-20
2021-03-20T03:22:35Z,1fT_wz7X8TM,UCvzGlP9oQwU--Y0r9id_jnA,Subaru Ch. 大空スバル,【#生スバル】おはようスバル：FREE TALK【ホロライブ/大空スバル】,https://i.ytimg.com/vi/1fT_wz7X8TM/mqdefault.jpg,63,151617,10890,33,2021-03-20
2021-03-19T14:27:21Z,CHvZk19prog,UCvzGlP9oQwU--Y0r9id_jnA,Subaru Ch. 大空スバル,【#生スバル】マイクラおさんぽ建築スバル：MINECRAFT【ホロライブ/大空スバル】,https://i.ytimg.com/vi/CHvZk19prog/mqdefault.jpg,127,186447,12339,46,2021-03-19
2021-03-18T13:16:28Z,rRhLCP2ykig,UCvzGlP9oQwU--Y0r9id_jnA,Subaru Ch. 大空スバル,【#生スバル】アイドルのレッスンってなにすんの？：What are you doing in idol lessons?【ホロリブ/大空スバル】,https://i.ytimg.com/vi/rRhLCP2ykig/mqdefault.jpg,72,156693,12503,44,2021-03-18
2021-03-16T14:14:36Z,tWG53VJzPHg,UCvzGlP9oQwU--Y0r9id_jnA,Subaru Ch. 大空スバル,【#ミオスバ】第1回　俺の考えるホロライブ最強企画【大空スバル/大神ミオ】,https://i.ytimg.com/vi/tWG53VJzPHg/mqdefault.jpg,151,286838,14221,75,2021-03-16
2021-03-14T09:15:47Z,zrIDw5iR2x0,UCvzGlP9oQwU--Y0r9id_jnA,Subaru Ch. 大空スバル,【♯12】お覚悟！！！フリーシア&amp;マリス！！！！：GRANBLUE FANTASY【ホロライブ/大空スバル】,https://i.ytimg.com/vi/zrIDw5iR2x0/mqdefault.jpg,157,223901,9608,70,2021-03-14
2021-03-13T10:07:19Z,85sC99YUkt4,UCvzGlP9oQwU--Y0r9id_jnA,Subaru Ch. 大空スバル,【#最終回】零～眞紅の蝶～をするスバル：PROJECT ZERO 2 Wii EDITION【初見実況】,https://i.ytimg.com/vi/85sC99YUkt4/mqdefault.jpg,88,163680,10312,31,2021-03-13
2021-03-13T03:19:29Z,TxhywIY2QHw,UCvzGlP9oQwU--Y0r9id_jnA,Subaru Ch. 大空スバル,【#生スバル】おはようスバル：FREE TALK【ホロライブ/大空スバル】,https://i.ytimg.com/vi/TxhywIY2QHw/mqdefault.jpg,81,165143,11385,28,2021-03-13
2021-03-12T13:29:06Z,YIpJ_x76xhg,UCvzGlP9oQwU--Y0r9id_jnA,Subaru Ch. 大空スバル,【#生スバル】１時間で何キロやせる！？リングフィットアドベンチャー！：Ring Fit Adventure【ホロライブ/大空スバル】,https://i.ytimg.com/vi/YIpJ_x76xhg/mqdefault.jpg,267,206632,14776,31,2021-03-12
2021-03-11T14:39:29Z,eEA5zA0GkfM,UCvzGlP9oQwU--Y0r9id_jnA,Subaru Ch. 大空スバル,【#ホロ鳥 / #holobirds】KFP3号店作るちゅば！！！！：MINE CRAFT【大空スバル視点】,https://i.ytimg.com/vi/eEA5zA0GkfM/mqdefault.jpg,84,182759,13777,40,2021-03-11
2021-03-09T12:57:25Z,pWhfMalZMaw,UCvzGlP9oQwU--Y0r9id_jnA,Subaru Ch. 大空スバル,【#２】完全初見！アンダーテール：UNDERTALE【ホロライブ/大空スバル】,https://i.ytimg.com/vi/pWhfMalZMaw/mqdefault.jpg,171,55422,2771,17,2021-03-09
2021-03-09T12:49:19Z,qQdHnA2-O_Y,UCvzGlP9oQwU--Y0r9id_jnA,Subaru Ch. 大空スバル,【#１】完全初見！！アンダーテールする！！！：UNDERTALE【ホロライブ/大空スバル】,https://i.ytimg.com/vi/qQdHnA2-O_Y/mqdefault.jpg,416,82639,3977,32,2021-03-09
2021-03-07T16:19:30Z,SSPtVsGRcjI,UCvzGlP9oQwU--Y0r9id_jnA,Subaru Ch. 大空スバル,【#生スバル】つぐのひすばる：TUGUNOHI【ホロライブ/大空スバル】,https://i.ytimg.com/vi/SSPtVsGRcjI/mqdefault.jpg,117,264254,12344,48,2021-03-07
2021-03-06T15:43:42Z,HI9HKcUf51k,UCvzGlP9oQwU--Y0r9id_jnA,Subaru Ch. 大空スバル,【#生スバル】おやすみスバル：FREE TALK【ホロライブ/大空スバル】,https://i.ytimg.com/vi/HI9HKcUf51k/mqdefault.jpg,92,129634,9610,27,2021-03-06
2021-03-03T12:08:23Z,SiXUqwCTmuA,UCvzGlP9oQwU--Y0r9id_jnA,Subaru Ch. 大空スバル,【運営公認】秘密を暴け！大空スバル探偵事務所！：OOZORA Detective agency investigate the secrets of the Hololive audition🐣,https://i.ytimg.com/vi/SiXUqwCTmuA/mqdefault.jpg,248,269327,18739,48,2021-03-03
2021-03-02T11:08:16Z,F6n6x-8ZBBU,UCvzGlP9oQwU--Y0r9id_jnA,Subaru Ch. 大空スバル,【♯10】オルキスちゃんを救いたい：GRANBLUE FANTASY【ホロライブ/大空スバル】,https://i.ytimg.com/vi/F6n6x-8ZBBU/mqdefault.jpg,63,115699,7106,36,2021-03-02
2021-02-27T06:20:47Z,1FcShCHRS8o,UCvzGlP9oQwU--Y0r9id_jnA,Subaru Ch. 大空スバル,【#３】零～眞紅の蝶～をするスバル：PROJECT ZERO 2 Wii EDITION【初見実況】,https://i.ytimg.com/vi/1FcShCHRS8o/mqdefault.jpg,65,109026,7792,22,2021-02-27
2021-02-27T03:22:29Z,Y2g-ucwPcrw,UCvzGlP9oQwU--Y0r9id_jnA,Subaru Ch. 大空スバル,【♯生スバル】おはようスバル：Free  Talk【ホロライブ：大空スバル】,https://i.ytimg.com/vi/Y2g-ucwPcrw/mqdefault.jpg,98,248376,15329,24,2021-02-27
2021-02-26T09:56:13Z,j4dX1wGpMjc,UCvzGlP9oQwU--Y0r9id_jnA,Subaru Ch. 大空スバル,初期スバル：Pure SUBARU,https://i.ytimg.com/vi/j4dX1wGpMjc/mqdefault.jpg,2065,383695,47583,40,2021-02-26
2021-02-25T12:37:44Z,8WzZjLlVOpc,UCvzGlP9oQwU--Y0r9id_jnA,Subaru Ch. 大空スバル,【♯生スバル】今日はバナナでキメる：Sausage  Legend【レート1000↑】,https://i.ytimg.com/vi/8WzZjLlVOpc/mqdefault.jpg,120,190434,11628,40,2021-02-25
2021-02-21T13:13:15Z,toQoiiwyGjU,UCvzGlP9oQwU--Y0r9id_jnA,Subaru Ch. 大空スバル,ランダムスバル：ramdom subaru,https://i.ytimg.com/vi/toQoiiwyGjU/mqdefault.jpg,2201,442751,46869,40,2021-02-21
2021-02-21T09:23:26Z,08g-NSTNPVY,UCvzGlP9oQwU--Y0r9id_jnA,Subaru Ch. 大空スバル,【#２】零～眞紅の蝶～をするスバル：PROJECT ZERO 2 Wii EDITION【初見実況】,https://i.ytimg.com/vi/08g-NSTNPVY/mqdefault.jpg,59,216813,10326,28,2021-02-21
2021-02-20T09:31:14Z,e92qKH9kpEU,UCvzGlP9oQwU--Y0r9id_jnA,Subaru Ch. 大空スバル,【初見実況】零～眞紅の蝶～をするスバル：PROJECT ZERO 2 Wii EDITION【ホロライブ/大空スバル】,https://i.ytimg.com/vi/e92qKH9kpEU/mqdefault.jpg,113,275529,13013,55,2021-02-20
2021-02-20T04:14:59Z,d6ouim9ZsyI,UCvzGlP9oQwU--Y0r9id_jnA,Subaru Ch. 大空スバル,【#生スバル】おはようスバル：FREE TALK【ホロライブ/大空スバル】,https://i.ytimg.com/vi/d6ouim9ZsyI/mqdefault.jpg,81,199016,12496,34,2021-02-20
2021-02-18T13:48:48Z,_mggdfxxEmQ,UCvzGlP9oQwU--Y0r9id_jnA,Subaru Ch. 大空スバル,【#生スバル】スバるしマイクラ！！！！：rusia&amp;subaru minecraft【ホロライブ/大空スバル】,https://i.ytimg.com/vi/_mggdfxxEmQ/mqdefault.jpg,142,294263,15877,43,2021-02-18
2021-02-18T10:04:59Z,bRXQwAGNCso,UCvzGlP9oQwU--Y0r9id_jnA,Subaru Ch. 大空スバル,【※告知有】Bloombありがとうございましあ！！：thanks for Bloom!【】,https://i.ytimg.com/vi/bRXQwAGNCso/mqdefault.jpg,78,107531,8224,9,2021-02-18
2021-02-16T12:44:49Z,3gOhLstrTvs,UCvzGlP9oQwU--Y0r9id_jnA,Subaru Ch. 大空スバル,【#生スバル】ライブ直前！？DEATHルーレットASMR💛【ホロライブ/大空スバル】,https://i.ytimg.com/vi/3gOhLstrTvs/mqdefault.jpg,365,326385,20688,49,2021-02-16
2021-02-14T14:26:49Z,L9TxWjDrZoM,UCvzGlP9oQwU--Y0r9id_jnA,Subaru Ch. 大空スバル,【#生スバル】グリームニルガチャ：GRANBLUE FANTASY【ホロライブ/大空スバル】,https://i.ytimg.com/vi/L9TxWjDrZoM/mqdefault.jpg,203,246824,14872,263,2021-02-14
2021-02-14T03:29:23Z,ryUa-7_ylUo,UCvzGlP9oQwU--Y0r9id_jnA,Subaru Ch. 大空スバル,【】おはようスバル：FREE TALK【】,https://i.ytimg.com/vi/ryUa-7_ylUo/mqdefault.jpg,91,174575,10900,36,2021-02-14
2021-02-13T09:36:29Z,9G9_dcjYN1E,UCvzGlP9oQwU--Y0r9id_jnA,Subaru Ch. 大空スバル,【#１１】最終回！！！！！！！！！：The Legend of Zelda: Majora&#39;s Mask【ホロライブ/大空スバル】,https://i.ytimg.com/vi/9G9_dcjYN1E/mqdefault.jpg,144,160504,7279,71,2021-02-13
2021-02-12T16:37:00Z,qWetncnJG_M,UCvzGlP9oQwU--Y0r9id_jnA,Subaru Ch. 大空スバル,【MINECRAFT】そろそろ納品？！台所と脱衣所つくるぞ！！【ホロライブ/大空スバル】,https://i.ytimg.com/vi/qWetncnJG_M/mqdefault.jpg,126,336623,13653,65,2021-02-12
2021-02-10T14:09:36Z,pGdfRRUGbzI,UCvzGlP9oQwU--Y0r9id_jnA,Subaru Ch. 大空スバル,【#９】頼む…服を着ててくれ…ラビ島編！：GRANBLUE FANTASY【ホロライブ/大空スバル】,https://i.ytimg.com/vi/pGdfRRUGbzI/mqdefault.jpg,65,144602,7644,54,2021-02-10
2021-02-09T15:41:56Z,RtNh2VNJm-I,UCvzGlP9oQwU--Y0r9id_jnA,Subaru Ch. 大空スバル,【#アイドルデス】Bloom!アイドルDEATH GAME【ホロライブ】,https://i.ytimg.com/vi/RtNh2VNJm-I/mqdefault.jpg,127,366618,18414,99,2021-02-09
2021-02-08T15:52:26Z,k8QM0GXYuDQ,UCvzGlP9oQwU--Y0r9id_jnA,Subaru Ch. 大空スバル,【#生スバル】70万登録感謝祭！！！ふりーだむ！【ホロライブ/大空スバル】,https://i.ytimg.com/vi/k8QM0GXYuDQ/mqdefault.jpg,216,241360,16667,49,2021-02-08
2021-02-06T08:24:09Z,LDp7tPX1yrU,UCvzGlP9oQwU--Y0r9id_jnA,Subaru Ch. 大空スバル,【#10】仮面集める！！！：The Legend of Zelda: Majora&#39;s Mask【ホロライブ/大空スバル】,https://i.ytimg.com/vi/LDp7tPX1yrU/mqdefault.jpg,53,139289,7679,41,2021-02-06
2021-02-06T03:14:24Z,07AzK6levMM,UCvzGlP9oQwU--Y0r9id_jnA,Subaru Ch. 大空スバル,【#生スバル】おはようスバル！：Free Talk【大空スバル/ホロライブ】,https://i.ytimg.com/vi/07AzK6levMM/mqdefault.jpg,71,150715,10253,23,2021-02-06
2021-02-05T13:30:21Z,qUB3ps86mOE,UCvzGlP9oQwU--Y0r9id_jnA,Subaru Ch. 大空スバル,【#８】黒騎士逮捕ってマジ？：GRANBLUE FANTASY【ホロライブ/大空スバル】,https://i.ytimg.com/vi/qUB3ps86mOE/mqdefault.jpg,79,155480,7960,60,2021-02-05
2021-02-03T13:53:16Z,MhRRfZHevug,UCvzGlP9oQwU--Y0r9id_jnA,Subaru Ch. 大空スバル,【MINECRAFT】やばい・・・part3【ホロライブ/大空スバル】,https://i.ytimg.com/vi/MhRRfZHevug/mqdefault.jpg,77,265318,11726,49,2021-02-03
2021-02-02T15:03:14Z,sDYIpRyEvNo,UCvzGlP9oQwU--Y0r9id_jnA,Subaru Ch. 大空スバル,【MINECRAFT】やばい・・・Part2【ホロライブ/大空スバル】,https://i.ytimg.com/vi/sDYIpRyEvNo/mqdefault.jpg,100,355521,15608,103,2021-02-02
2021-01-31T08:54:34Z,hcjnO7-Y2GI,UCvzGlP9oQwU--Y0r9id_jnA,Subaru Ch. 大空スバル,【#9】最難関？！ロックビル！！！：The Legend of Zelda: Majora&#39;s Mask【ホロライブ/大空スバル】,https://i.ytimg.com/vi/hcjnO7-Y2GI/mqdefault.jpg,53,151707,8027,55,2021-01-31
2021-01-30T09:20:16Z,b2lVLn-z5yM,UCvzGlP9oQwU--Y0r9id_jnA,Subaru Ch. 大空スバル,【#8】最難関？！谷で神殿をみつけよ！：The Legend of Zelda: Majora&#39;s Mask【ホロライブ/大空スバル】,https://i.ytimg.com/vi/b2lVLn-z5yM/mqdefault.jpg,52,132485,6887,56,2021-01-30
2021-01-30T03:25:28Z,rA5MQyrW0EY,UCvzGlP9oQwU--Y0r9id_jnA,Subaru Ch. 大空スバル,【#生スバル】おはようスバル：ＦＲＥＥＴＡＬＫ【ホロライブ/大空スバル】,https://i.ytimg.com/vi/rA5MQyrW0EY/mqdefault.jpg,63,151287,10390,26,2021-01-30
2021-01-28T15:04:47Z,2AaCaCoRMB0,UCvzGlP9oQwU--Y0r9id_jnA,Subaru Ch. 大空スバル,【#７】明かされるラカムの過去！？：GRANBLUE FANTASY【ホロライブ/大空スバル】,https://i.ytimg.com/vi/2AaCaCoRMB0/mqdefault.jpg,92,153197,8888,52,2021-01-28
2021-01-26T15:15:51Z,6U0pTdoOjiA,UCvzGlP9oQwU--Y0r9id_jnA,Subaru Ch. 大空スバル,【MINECRAFT】やばい・・・【ホロライブ/大空スバル】,https://i.ytimg.com/vi/6U0pTdoOjiA/mqdefault.jpg,163,372547,17218,96,2021-01-26
2021-01-24T08:53:20Z,SStQvFj42nw,UCvzGlP9oQwU--Y0r9id_jnA,Subaru Ch. 大空スバル,【#7】仮面集めーー！！！！：The Legend of Zelda: Majora&#39;s Mask【ホロライブ/大空スバル】,https://i.ytimg.com/vi/SStQvFj42nw/mqdefault.jpg,79,174352,9563,53,2021-01-24
2021-01-23T08:46:29Z,02WC5ZNwaIw,UCvzGlP9oQwU--Y0r9id_jnA,Subaru Ch. 大空スバル,【#6】グレートベイの神殿攻略！！：The Legend of Zelda: Majora&#39;s Mask【ホロライブ/大空スバル】,https://i.ytimg.com/vi/02WC5ZNwaIw/mqdefault.jpg,63,150748,7992,43,2021-01-23
2021-01-23T03:34:55Z,v-hFx0gSMNw,UCvzGlP9oQwU--Y0r9id_jnA,Subaru Ch. 大空スバル,【#生スバル】おはようすばる雑談：Free Talk【ホロライブ/大空スバル】,https://i.ytimg.com/vi/v-hFx0gSMNw/mqdefault.jpg,96,219165,12515,29,2021-01-23
2021-01-21T14:02:35Z,ujtn9sZdcWQ,UCvzGlP9oQwU--Y0r9id_jnA,Subaru Ch. 大空スバル,【#６】霧の島ガロンゾ？いくちゅば！！：GRANBLUE FANTASY【ホロライブ/大空スバル】,https://i.ytimg.com/vi/ujtn9sZdcWQ/mqdefault.jpg,118,161689,9307,46,2021-01-21
2021-01-20T13:14:36Z,zA9P6LGLDSw,UCvzGlP9oQwU--Y0r9id_jnA,Subaru Ch. 大空スバル,【ミオスバ】初心忘れるべからず【今日地獄です】,https://i.ytimg.com/vi/zA9P6LGLDSw/mqdefault.jpg,203,419076,18854,69,2021-01-20
2021-01-17T09:21:35Z,0KLnCy691Ts,UCvzGlP9oQwU--Y0r9id_jnA,Subaru Ch. 大空スバル,【#5】海の神殿にいくぞ！！！ムジュラの仮面！！：The Legend of Zelda: Majora&#39;s Mask【ホロライブ/大空スバル】,https://i.ytimg.com/vi/0KLnCy691Ts/mqdefault.jpg,80,146657,7505,42,2021-01-17
2021-01-15T14:32:50Z,YiS-Uo2krN0,UCvzGlP9oQwU--Y0r9id_jnA,Subaru Ch. 大空スバル,【#生スバル】３Ｄおやすみすばる：Free Talk【ホロライブ/大空スバル】,https://i.ytimg.com/vi/YiS-Uo2krN0/mqdefault.jpg,170,212683,15305,54,2021-01-15
2021-01-14T14:07:45Z,G3oe0xYs9DQ,UCvzGlP9oQwU--Y0r9id_jnA,Subaru Ch. 大空スバル,【#５】明かされる最推しの過去？！：GRANBLUE FANTASY【ホロライブ/大空スバル】,https://i.ytimg.com/vi/G3oe0xYs9DQ/mqdefault.jpg,112,194981,11149,64,2021-01-14
2021-01-12T14:35:18Z,nW_iu41RoEQ,UCvzGlP9oQwU--Y0r9id_jnA,Subaru Ch. 大空スバル,【#ホロL4D2】８人対戦Ｌ４Ｄ２で大暴れするちゅば！！！！！！！！【ＦＡＭＳ視点】,https://i.ytimg.com/vi/nW_iu41RoEQ/mqdefault.jpg,152,424162,19599,88,2021-01-12
2021-01-11T14:03:48Z,OrR_qVytQ74,UCvzGlP9oQwU--Y0r9id_jnA,Subaru Ch. 大空スバル,【#ホロお正月CUP​】がんばる！！！！！！！！！！！！！！！！！【ホロライブ/大空スバル】,https://i.ytimg.com/vi/OrR_qVytQ74/mqdefault.jpg,101,273758,13107,40,2021-01-11
2021-01-10T17:20:00Z,xhQc8VsXkWY,UCvzGlP9oQwU--Y0r9id_jnA,Subaru Ch. 大空スバル,【#おかあくすば】おかゆあくあすばる合同練習会【ホロライブ/大空スバル】,https://i.ytimg.com/vi/xhQc8VsXkWY/mqdefault.jpg,55,128775,6450,22,2021-01-10
2021-01-10T13:09:08Z,GpqsMTUmjB0,UCvzGlP9oQwU--Y0r9id_jnA,Subaru Ch. 大空スバル,【 #雑ホロ杯 /マリカDX8​】行くぞおおおおおおおおお！！【ホロライブ/大空スバル】,https://i.ytimg.com/vi/GpqsMTUmjB0/mqdefault.jpg,36,94700,6387,13,2021-01-10
2021-01-10T08:54:22Z,kmNJpxY8lrQ,UCvzGlP9oQwU--Y0r9id_jnA,Subaru Ch. 大空スバル,【#４】スノーヘッドの神殿！！ムジュラの仮面！！：The Legend of Zelda: Majora&#39;s Mask【ホロライブ/大空スバル】,https://i.ytimg.com/vi/kmNJpxY8lrQ/mqdefault.jpg,46,138890,6400,39,2021-01-10
2021-01-09T08:16:56Z,puxgwmeJZhk,UCvzGlP9oQwU--Y0r9id_jnA,Subaru Ch. 大空スバル,【#3】ムジュラの仮面やる！！！！！！！！！【ホロライブ/大空スバル】,https://i.ytimg.com/vi/puxgwmeJZhk/mqdefault.jpg,48,129666,6325,35,2021-01-09
2021-01-09T03:13:34Z,0Qv9v0QYei4,UCvzGlP9oQwU--Y0r9id_jnA,Subaru Ch. 大空スバル,【】おはようスバル【】,https://i.ytimg.com/vi/0Qv9v0QYei4/mqdefault.jpg,108,133659,10509,39,2021-01-09
2021-01-08T14:50:31Z,hUYBu5TY5uA,UCvzGlP9oQwU--Y0r9id_jnA,Subaru Ch. 大空スバル,【#生スバル】映画オタクとみるエイリアン２：alian2 the theatrical (1986：137minutes)【ホロライブ/大空スバル】,https://i.ytimg.com/vi/hUYBu5TY5uA/mqdefault.jpg,73,73653,6193,17,2021-01-08
2021-01-07T13:57:03Z,OLd5osYw8_g,UCvzGlP9oQwU--Y0r9id_jnA,Subaru Ch. 大空スバル,【#４】ガチャピンとムックに会いたいグランブルーファンタジースバル：GRANBLUE FANTASY【ホロライブ/大空スバル】,https://i.ytimg.com/vi/OLd5osYw8_g/mqdefault.jpg,107,221304,9703,90,2021-01-07
2021-01-07T11:33:15Z,3VH_dPFUEa4,UCvzGlP9oQwU--Y0r9id_jnA,Subaru Ch. 大空スバル,【#生スバル】FALL GUYS SUBARU：新シーズン来てたらしい！！【ホロライブ/大空スバル】,https://i.ytimg.com/vi/3VH_dPFUEa4/mqdefault.jpg,35,101462,7969,23,2021-01-07
2021-01-06T11:35:35Z,Pbderb4EHC8,UCvzGlP9oQwU--Y0r9id_jnA,Subaru Ch. 大空スバル,【#生スバル】マリカ大会前ガチ練習：視聴者参加型スナイプ歓迎【ホロライブ/大空スバル】,https://i.ytimg.com/vi/Pbderb4EHC8/mqdefault.jpg,39,113039,6855,21,2021-01-06
2021-01-05T16:10:59Z,DWD8Kji1-q0,UCvzGlP9oQwU--Y0r9id_jnA,Subaru Ch. 大空スバル,【ホラゲー】この家なんかおかしいぞ！！！！House on the Hill【ホロライブ/大空スバル】,https://i.ytimg.com/vi/DWD8Kji1-q0/mqdefault.jpg,84,215027,12215,37,2021-01-05
2021-01-03T11:07:15Z,uCx_dHfisKI,UCvzGlP9oQwU--Y0r9id_jnA,Subaru Ch. 大空スバル,【#生スバル】視聴者参加型マリカー！！かかってこいやぁ！！！！【ホロライブ/大空スバル】,https://i.ytimg.com/vi/uCx_dHfisKI/mqdefault.jpg,50,131955,6476,21,2021-01-03
2021-01-03T08:12:32Z,2D9u_lKeNKA,UCvzGlP9oQwU--Y0r9id_jnA,Subaru Ch. 大空スバル,【#2】怖い月がやってくる？！？シリーズ難関！ムジュラの仮面【ホロライブ/大空スバル】,https://i.ytimg.com/vi/2D9u_lKeNKA/mqdefault.jpg,51,155919,7074,36,2021-01-03
2021-01-02T09:29:56Z,0zirp371ZXs,UCvzGlP9oQwU--Y0r9id_jnA,Subaru Ch. 大空スバル,【#１】怖い月がやってくる？！？シリーズ難関！ムジュラの仮面【ホロライブ/大空スバル】,https://i.ytimg.com/vi/0zirp371ZXs/mqdefault.jpg,76,202921,8998,42,2021-01-02
2021-01-01T15:40:28Z,FICUlVwL_9c,UCvzGlP9oQwU--Y0r9id_jnA,Subaru Ch. 大空スバル,【雑談】あけた～～～！！！！やった～～！！！！【】,https://i.ytimg.com/vi/FICUlVwL_9c/mqdefault.jpg,46,126245,9161,27,2021-01-01
2021-01-01T12:11:19Z,ABgstfN5viI,UCvzGlP9oQwU--Y0r9id_jnA,Subaru Ch. 大空スバル,🍉【#生スバル】正月運試し！ソセレ！！！！後半ゲストあり？！？！？！：SausageLegend【レート：100~】 🍉,https://i.ytimg.com/vi/ABgstfN5viI/mqdefault.jpg,96,223336,12935,56,2021-01-01
2021-01-01T11:19:33Z,5-DJxNOHIrs,UCvzGlP9oQwU--Y0r9id_jnA,Subaru Ch. 大空スバル,【#生スバル】正月運試し！ソセレ！！！！後半ゲストあり？！？！？！：SausageLegend【レート：1000~】,https://i.ytimg.com/vi/5-DJxNOHIrs/mqdefault.jpg,40,91081,6355,19,2021-01-01
2020-12-31T04:29:32Z,zHFC_ZKUITM,UCvzGlP9oQwU--Y0r9id_jnA,Subaru Ch. 大空スバル,【#３】なんか新ガチャが来るらしいぞ！！！！！：GRANBLUE FANTASY【ホロライブ/大空スバル】,https://i.ytimg.com/vi/zHFC_ZKUITM/mqdefault.jpg,161,297010,12123,203,2020-12-31
2020-12-28T14:23:17Z,SD89bWoUYWo,UCvzGlP9oQwU--Y0r9id_jnA,Subaru Ch. 大空スバル,【リズム天国】リズムにのるぜええええええええ【ホロライブ/大空スバル】,https://i.ytimg.com/vi/SD89bWoUYWo/mqdefault.jpg,89,169601,10759,49,2020-12-28
2020-12-27T09:24:13Z,3aup9bkCh3I,UCvzGlP9oQwU--Y0r9id_jnA,Subaru Ch. 大空スバル,【最終回】ガノンドロフ討伐！！！ゼルダの伝説時のオカリナ:The Legend of Zelda: Ocarina of Time【ホロライブ/大空スバル】,https://i.ytimg.com/vi/3aup9bkCh3I/mqdefault.jpg,118,176630,10369,74,2020-12-27
2020-12-26T08:28:10Z,S7vNhtz0H8o,UCvzGlP9oQwU--Y0r9id_jnA,Subaru Ch. 大空スバル,【#10】いくぜ！！！！砂漠の神殿！！！！ゼルダの伝説時のオカリナ:The Legend of Zelda: Ocarina of Time【ホロライブ/大空スバル】,https://i.ytimg.com/vi/S7vNhtz0H8o/mqdefault.jpg,45,132615,7956,53,2020-12-26
2020-12-26T03:58:43Z,me4hAMZkI70,UCvzGlP9oQwU--Y0r9id_jnA,Subaru Ch. 大空スバル,【#生スバル】おはようスバル【ホロライブ/大空スバル】,https://i.ytimg.com/vi/me4hAMZkI70/mqdefault.jpg,72,156909,11726,24,2020-12-26
2020-12-25T09:02:06Z,PZcLFXRskso,UCvzGlP9oQwU--Y0r9id_jnA,Subaru Ch. 大空スバル,【#ホロライブクリスマス】ホロライブクリスマス歌！！！！！！！【ホロライブ/大空スバル】,https://i.ytimg.com/vi/PZcLFXRskso/mqdefault.jpg,115,151097,14251,34,2020-12-25
2020-12-23T15:17:21Z,v4ePgw3qMZo,UCvzGlP9oQwU--Y0r9id_jnA,Subaru Ch. 大空スバル,【#２】はじめてのぐらぶるっ！初めてのガチャピン！！【ホロライブ/大空スバル】,https://i.ytimg.com/vi/v4ePgw3qMZo/mqdefault.jpg,177,293619,13001,143,2020-12-23
2020-12-23T12:05:03Z,kgr-yWszxfw,UCvzGlP9oQwU--Y0r9id_jnA,Subaru Ch. 大空スバル,【#生スバル】2ndふぇすありがとうございました！！！【ホロライブ/大空スバル】,https://i.ytimg.com/vi/kgr-yWszxfw/mqdefault.jpg,91,98419,8547,29,2020-12-23
2020-12-20T08:14:35Z,4fufXOKhPps,UCvzGlP9oQwU--Y0r9id_jnA,Subaru Ch. 大空スバル,【#9】リベンジ！！！墓場のボンゴボンゴ！！！ゼルダの伝説時のオカリナ:The Legend of Zelda: Ocarina of Time【ホロライブ/大空スバル】,https://i.ytimg.com/vi/4fufXOKhPps/mqdefault.jpg,53,124747,7911,48,2020-12-20
2020-12-19T07:24:29Z,eEPgsTllQiQ,UCvzGlP9oQwU--Y0r9id_jnA,Subaru Ch. 大空スバル,【#8】ホラー？！墓場のダンジョン！！ゼルダの伝説時のオカリナ:The Legend of Zelda: Ocarina of Time【ホロライブ/大空スバル】,https://i.ytimg.com/vi/eEPgsTllQiQ/mqdefault.jpg,56,101309,5679,36,2020-12-19
2020-12-19T03:25:40Z,OzRL8xm_Oa8,UCvzGlP9oQwU--Y0r9id_jnA,Subaru Ch. 大空スバル,【】おはようスバル：定期雑談【ホロライブ/大空スバル】,https://i.ytimg.com/vi/OzRL8xm_Oa8/mqdefault.jpg,49,132823,9203,37,2020-12-19
2020-12-16T15:20:57Z,iwjlQI4rkKA,UCvzGlP9oQwU--Y0r9id_jnA,Subaru Ch. 大空スバル,【#１】初めての！！！グランブルーファンタジー！！！【ホロライブ/大空スバル】,https://i.ytimg.com/vi/iwjlQI4rkKA/mqdefault.jpg,328,589340,21762,321,2020-12-16
2020-12-15T12:06:25Z,mNZf8hFDedw,UCvzGlP9oQwU--Y0r9id_jnA,Subaru Ch. 大空スバル,【#生スバル】ママになりたいスバル！！：Mother Simulator【ホロライブ/大空スバル】,https://i.ytimg.com/vi/mNZf8hFDedw/mqdefault.jpg,108,117793,8994,27,2020-12-15
2020-12-13T08:23:55Z,SEec24EgOxw,UCvzGlP9oQwU--Y0r9id_jnA,Subaru Ch. 大空スバル,【#7】今日こそクリアするぞ！水の神殿！！！ゼルダの伝説時のオカリナ:The Legend of Zelda: Ocarina of Time【ホロライブ/大空スバル】,https://i.ytimg.com/vi/SEec24EgOxw/mqdefault.jpg,50,135435,7158,41,2020-12-13
2020-12-12T09:36:37Z,YL5O6R0Kmhs,UCvzGlP9oQwU--Y0r9id_jnA,Subaru Ch. 大空スバル,【#6】行くぞ難関！水の神殿！！！ゼルダの伝説時のオカリナ:The Legend of Zelda: Ocarina of Time【ホロライブ/大空スバル】,https://i.ytimg.com/vi/YL5O6R0Kmhs/mqdefault.jpg,78,132970,7761,52,2020-12-12
2020-12-11T14:14:14Z,vXAw-cZ6ryg,UCvzGlP9oQwU--Y0r9id_jnA,Subaru Ch. 大空スバル,【#生スバル】視聴者分の１を探せ！！！！！【ホロライブ/大空スバル】,https://i.ytimg.com/vi/vXAw-cZ6ryg/mqdefault.jpg,86,170315,9954,48,2020-12-11
2020-12-10T13:37:00Z,NblFY3rx1YE,UCvzGlP9oQwU--Y0r9id_jnA,Subaru Ch. 大空スバル,【#生スバル】お泊りしたから雑談～～～！！！！【ホロライブ/大空スバル】,https://i.ytimg.com/vi/NblFY3rx1YE/mqdefault.jpg,68,186745,11991,38,2020-12-10
2020-12-08T12:12:36Z,XC9LpjeZrhA,UCvzGlP9oQwU--Y0r9id_jnA,Subaru Ch. 大空スバル,【#生スバル】全自動炭焼きかまど！！！！すみじろう！！！！！つくる！【ホロライブ/大空スバル】,https://i.ytimg.com/vi/XC9LpjeZrhA/mqdefault.jpg,56,199411,10008,58,2020-12-08
2020-12-07T14:16:15Z,RLzWfwLCD30,UCvzGlP9oQwU--Y0r9id_jnA,Subaru Ch. 大空スバル,【#生スバル】ポンコツじゃない！！ＩＱ5億の学力をみよ！！！：Academic Ability Test【ホロライブ/大空スバル】,https://i.ytimg.com/vi/RLzWfwLCD30/mqdefault.jpg,243,156421,8645,56,2020-12-07
2020-12-05T08:08:54Z,3Et1ae9PuOg,UCvzGlP9oQwU--Y0r9id_jnA,Subaru Ch. 大空スバル,【#5】ゼルダの伝説時のオカリナ:The Legend of Zelda: Ocarina of Time【ホロライブ/大空スバル】,https://i.ytimg.com/vi/3Et1ae9PuOg/mqdefault.jpg,63,141599,7516,57,2020-12-05
2020-12-04T16:56:04Z,NVtaw4ql1J0,UCvzGlP9oQwU--Y0r9id_jnA,Subaru Ch. 大空スバル,【#生スバル】おやすみスバル【ホロライブ/大空スバル】,https://i.ytimg.com/vi/NVtaw4ql1J0/mqdefault.jpg,57,154736,10839,31,2020-12-04
2020-12-03T13:21:57Z,XirNF9RzvIs,UCvzGlP9oQwU--Y0r9id_jnA,Subaru Ch. 大空スバル,【#生スバル】yabai【ホロライブ/大空スバル】,https://i.ytimg.com/vi/XirNF9RzvIs/mqdefault.jpg,116,308534,15115,75,2020-12-03
2020-12-02T14:15:31Z,xnrCB2r3oiU,UCvzGlP9oQwU--Y0r9id_jnA,Subaru Ch. 大空スバル,【#生スバル】どろぼうしゃんスバル：Thief Simulator【ホロライブ/大空スバル】,https://i.ytimg.com/vi/xnrCB2r3oiU/mqdefault.jpg,38,115759,8858,27,2020-12-02
2020-11-29T09:16:36Z,lMJD_8S47gs,UCvzGlP9oQwU--Y0r9id_jnA,Subaru Ch. 大空スバル,【#4】ゼルダの伝説時のオカリナ:The Legend of Zelda: Ocarina of Time【ホロライブ/大空スバル】,https://i.ytimg.com/vi/lMJD_8S47gs/mqdefault.jpg,72,171459,8459,64,2020-11-29
2020-11-28T13:32:25Z,jbncrFRrnDQ,UCvzGlP9oQwU--Y0r9id_jnA,Subaru Ch. 大空スバル,【スパイ映画】キングスマン同時視聴会：Kingsman: The Secret Service【ホロライブ/大空スバル】,https://i.ytimg.com/vi/jbncrFRrnDQ/mqdefault.jpg,56,77289,6300,15,2020-11-28
2020-11-28T08:55:55Z,-j5bpk0eFYg,UCvzGlP9oQwU--Y0r9id_jnA,Subaru Ch. 大空スバル,【#3】ゼルダの伝説時のオカリナ:The Legend of Zelda: Ocarina of Time【ホロライブ/大空スバル】,https://i.ytimg.com/vi/-j5bpk0eFYg/mqdefault.jpg,54,138044,7025,49,2020-11-28
2020-11-26T13:39:46Z,7_gZBFAXAug,UCvzGlP9oQwU--Y0r9id_jnA,Subaru Ch. 大空スバル,【GTAV】車で大暴走やるしゅば！！！！！！！【ホロライブ/大空スバル】,https://i.ytimg.com/vi/7_gZBFAXAug/mqdefault.jpg,178,175348,10834,51,2020-11-26
2020-11-25T15:35:42Z,6_WeWBviZLY,UCvzGlP9oQwU--Y0r9id_jnA,Subaru Ch. 大空スバル,【】おうた【ホロライブ/大空スバル】,https://i.ytimg.com/vi/6_WeWBviZLY/mqdefault.jpg,222,227335,16059,30,2020-11-25
2020-11-22T14:38:31Z,NylncBBRObw,UCvzGlP9oQwU--Y0r9id_jnA,Subaru Ch. 大空スバル,【視聴者参加型】大空建築 入社試験しゅば！！！！！【ホロライブ/大空スバル】,https://i.ytimg.com/vi/NylncBBRObw/mqdefault.jpg,68,219470,11373,54,2020-11-22
2020-11-22T09:02:00Z,RbVC7zXyZpw,UCvzGlP9oQwU--Y0r9id_jnA,Subaru Ch. 大空スバル,【#２】ゼルダの伝説時のオカリナ:The Legend of Zelda: Ocarina of Time【ホロライブ/大空スバル】,https://i.ytimg.com/vi/RbVC7zXyZpw/mqdefault.jpg,62,192284,9299,45,2020-11-22
2020-11-21T14:06:57Z,-o9zZ_32nUk,UCvzGlP9oQwU--Y0r9id_jnA,Subaru Ch. 大空スバル,【週末雑談】11/21  うんどうかいたのしかったねスバル　【ホロライブ/大空スバル】,https://i.ytimg.com/vi/-o9zZ_32nUk/mqdefault.jpg,56,116023,8179,24,2020-11-21
2020-11-19T13:56:44Z,eNrCZaI5OIA,UCvzGlP9oQwU--Y0r9id_jnA,Subaru Ch. 大空スバル,【#生スバル】第七回ソーセージレジェンド大会：SAUSAGE LEGEND【ホロライブ/大空スバル】,https://i.ytimg.com/vi/eNrCZaI5OIA/mqdefault.jpg,137,268421,13489,54,2020-11-19
2020-11-17T13:59:51Z,PJEQw_pnqeA,UCvzGlP9oQwU--Y0r9id_jnA,Subaru Ch. 大空スバル,【#ホロ幽霊調査隊】幽霊なんて余裕しゅば～～～～～～！！！：Phasmophobia【ホロライブ/大空スバル】,https://i.ytimg.com/vi/PJEQw_pnqeA/mqdefault.jpg,56,241831,10647,49,2020-11-17
2020-11-15T14:51:11Z,xVLPBn6NBPI,UCvzGlP9oQwU--Y0r9id_jnA,Subaru Ch. 大空スバル,【#宇宙ホロ人狼】AMONG US でやるしゅばなあああああ！！！【大空スバル/ホロライブ】,https://i.ytimg.com/vi/xVLPBn6NBPI/mqdefault.jpg,128,203099,10289,105,2020-11-15
2020-11-15T06:52:42Z,rOraWNXUl-Y,UCvzGlP9oQwU--Y0r9id_jnA,Subaru Ch. 大空スバル,【#１】ゼルダの伝説時のオカリナ:The Legend of Zelda: Ocarina of Time【ホロライブ/大空スバル】,https://i.ytimg.com/vi/rOraWNXUl-Y/mqdefault.jpg,86,253789,10793,79,2020-11-15
2020-11-14T10:41:46Z,J5K50nujEnk,UCvzGlP9oQwU--Y0r9id_jnA,Subaru Ch. 大空スバル,【#生スバル】スバ温泉のランドマークタワー完成させるしゅば！！！MINECRAFT【ホロライブ/大空スバル】,https://i.ytimg.com/vi/J5K50nujEnk/mqdefault.jpg,150,569190,20898,158,2020-11-14
2020-11-14T02:40:47Z,AQxZ_7uRMXA,UCvzGlP9oQwU--Y0r9id_jnA,Subaru Ch. 大空スバル,【週末雑談】11/14  おはようスバル　【ホロライブ/大空スバル】,https://i.ytimg.com/vi/AQxZ_7uRMXA/mqdefault.jpg,47,150059,11337,42,2020-11-14
2020-11-10T17:44:23Z,sUMSFgNs_HM,UCvzGlP9oQwU--Y0r9id_jnA,Subaru Ch. 大空スバル,【#生スバル】スバ温泉のランドマークタワー建築するしゅば！！！MINECRAFT【ホロライブ/大空スバル】,https://i.ytimg.com/vi/sUMSFgNs_HM/mqdefault.jpg,155,526187,17252,124,2020-11-10
2020-11-09T16:35:54Z,tzuC7QIxzkw,UCvzGlP9oQwU--Y0r9id_jnA,Subaru Ch. 大空スバル,【#生スバル】paper.Please でお仕事するしゅば～～【ホロライブ/大空スバル】,https://i.ytimg.com/vi/tzuC7QIxzkw/mqdefault.jpg,84,175689,11006,44,2020-11-09
2020-11-08T10:02:32Z,ItspEsuPNzA,UCvzGlP9oQwU--Y0r9id_jnA,Subaru Ch. 大空スバル,【#生スバル】スバ温泉のランドマークタワ脚編しゅば！！！MINECRAFT【ホロライブ/大空スバル】,https://i.ytimg.com/vi/ItspEsuPNzA/mqdefault.jpg,217,379137,17770,108,2020-11-08
2020-11-07T02:29:32Z,IMy0NOlwXfQ,UCvzGlP9oQwU--Y0r9id_jnA,Subaru Ch. 大空スバル,【#生スバル】おはようスバル特別版？！バージョン2.0大発表～～～！！！！【ホロライブ/大空スバル】,https://i.ytimg.com/vi/IMy0NOlwXfQ/mqdefault.jpg,209,211918,14850,49,2020-11-07
2020-11-04T14:23:31Z,D6dGUmIAgzw,UCvzGlP9oQwU--Y0r9id_jnA,Subaru Ch. 大空スバル,【#ポンホロAmongUs】ポン ホロ 人 狼 開 催 !!【大空スバル/ホロライブ】,https://i.ytimg.com/vi/D6dGUmIAgzw/mqdefault.jpg,51,138924,8919,37,2020-11-04
2020-11-03T13:39:57Z,-hsbE0066jU,UCvzGlP9oQwU--Y0r9id_jnA,Subaru Ch. 大空スバル,【Phasmophobia】心霊調査ELITE部隊/大空スバル視点【#ホロライブFAMS】,https://i.ytimg.com/vi/-hsbE0066jU/mqdefault.jpg,83,177239,10979,28,2020-11-03
2020-11-03T10:51:42Z,kUevy1wQUZQ,UCvzGlP9oQwU--Y0r9id_jnA,Subaru Ch. 大空スバル,【初見実況】#9　チンクルに負けるな！タライとホース集め！ゼルダの伝説・風のタクトやる！！！！The Legend of Zelda: The Wind Waker【ホロライブ/大空スバル】,https://i.ytimg.com/vi/kUevy1wQUZQ/mqdefault.jpg,49,136767,8433,38,2020-11-03
2020-11-01T07:50:00Z,bKw5YpARzk8,UCvzGlP9oQwU--Y0r9id_jnA,Subaru Ch. 大空スバル,【初見実況】#8　激ヤバ！！タライとホース集め！ゼルダの伝説・風のタクトやる！！！！The Legend of Zelda: The Wind Waker【ホロライブ/大空スバル】,https://i.ytimg.com/vi/bKw5YpARzk8/mqdefault.jpg,40,116868,7232,40,2020-11-01
2020-10-31T10:51:27Z,P-yiBSu0Xqc,UCvzGlP9oQwU--Y0r9id_jnA,Subaru Ch. 大空スバル,【週末雑談】10/31  おそようスバル　はっぴーはろうぃん！ 【ホロライブ/大空スバル】,https://i.ytimg.com/vi/P-yiBSu0Xqc/mqdefault.jpg,59,111128,7714,16,2020-10-31
2020-10-30T13:52:38Z,yoVDYMcXbOI,UCvzGlP9oQwU--Y0r9id_jnA,Subaru Ch. 大空スバル,【】おうた【ホロライブ/大空スバル】,https://i.ytimg.com/vi/yoVDYMcXbOI/mqdefault.jpg,126,162962,12274,22,2020-10-30
2020-10-29T15:19:52Z,WpdfPInCT0E,UCvzGlP9oQwU--Y0r9id_jnA,Subaru Ch. 大空スバル,【地獄再び】スバちょこルーナ地獄くじ引き大会こらぼ【ホロライブ】,https://i.ytimg.com/vi/WpdfPInCT0E/mqdefault.jpg,147,270600,13423,39,2020-10-29
2020-10-28T19:39:54Z,7cI1pXkCQMI,UCvzGlP9oQwU--Y0r9id_jnA,Subaru Ch. 大空スバル,【大空建設】今度こそやってやるちゅば！！！！！！パート２！！！！！！！！！！【大空スバル/ホロライブ】,https://i.ytimg.com/vi/7cI1pXkCQMI/mqdefault.jpg,66,222982,9870,46,2020-10-28
2020-10-27T15:01:12Z,Bi-BcuyEHNA,UCvzGlP9oQwU--Y0r9id_jnA,Subaru Ch. 大空スバル,【#雑ホロAmongUs】宇 宙 人 狼 開 催 !!【大空スバル/ホロライブ】,https://i.ytimg.com/vi/Bi-BcuyEHNA/mqdefault.jpg,110,200133,11626,41,2020-10-27
2020-10-25T10:23:03Z,lDeDiXW4voE,UCvzGlP9oQwU--Y0r9id_jnA,Subaru Ch. 大空スバル,【初見実況】#7　最難関？！風の神殿攻略！！ゼルダの伝説・風のタクトやる！！！！The Legend of Zelda: The Wind Waker【ホロライブ/大空スバル】,https://i.ytimg.com/vi/lDeDiXW4voE/mqdefault.jpg,43,113112,7408,22,2020-10-25
2020-10-23T14:10:25Z,xP_uAeVFWoQ,UCvzGlP9oQwU--Y0r9id_jnA,Subaru Ch. 大空スバル,【発狂】マリメ２あんま分らんけどホロメンのコースくらい余裕余裕【ホロライブ/大空スバル】,https://i.ytimg.com/vi/xP_uAeVFWoQ/mqdefault.jpg,69,147486,8343,71,2020-10-23
2020-10-23T12:07:35Z,ZpsN-jbGi1E,UCvzGlP9oQwU--Y0r9id_jnA,Subaru Ch. 大空スバル,【発狂】マリメ２あんま分らんけどホロメンのコースくらい余裕余裕【ホロライブ/大空スバル】,https://i.ytimg.com/vi/ZpsN-jbGi1E/mqdefault.jpg,18,34011,2532,14,2020-10-23
2020-10-22T15:55:59Z,kVRn7CH5JqU,UCvzGlP9oQwU--Y0r9id_jnA,Subaru Ch. 大空スバル,【視聴者参加】初心者AMONG US！！！！！UBARU！！！！！！！【ホロライブ/大空スバル】,https://i.ytimg.com/vi/kVRn7CH5JqU/mqdefault.jpg,127,108805,10093,30,2020-10-22
2020-10-21T12:03:41Z,_Od94_41hXQ,UCvzGlP9oQwU--Y0r9id_jnA,Subaru Ch. 大空スバル,【#生スバル】リベンジリベンジ！！！パート3！！！！【ホロライブ/大空スバル】,https://i.ytimg.com/vi/_Od94_41hXQ/mqdefault.jpg,74,145755,8217,39,2020-10-21
2020-10-20T13:56:27Z,Nce15Hihpog,UCvzGlP9oQwU--Y0r9id_jnA,Subaru Ch. 大空スバル,【おはなし】いろいろ振り返り雑談【ホロライブ/大空スバル】,https://i.ytimg.com/vi/Nce15Hihpog/mqdefault.jpg,65,145852,9853,35,2020-10-20
2020-10-17T04:25:18Z,4-PfeuZjlm0,UCvzGlP9oQwU--Y0r9id_jnA,Subaru Ch. 大空スバル,【週末雑談】10/16  おそようスバル 【ホロライブ/大空スバル】,https://i.ytimg.com/vi/4-PfeuZjlm0/mqdefault.jpg,58,190731,12031,24,2020-10-17
2020-10-15T14:01:38Z,oiyvXoh9gXs,UCvzGlP9oQwU--Y0r9id_jnA,Subaru Ch. 大空スバル,【くじびき】スバちょこルーナ地獄くじ引き大会こらぼ【ホロライブ】,https://i.ytimg.com/vi/oiyvXoh9gXs/mqdefault.jpg,273,245265,13358,47,2020-10-15
2020-10-13T13:35:26Z,-cSmli64VK8,UCvzGlP9oQwU--Y0r9id_jnA,Subaru Ch. 大空スバル,【#生スバル】大空建設の本拠地をつくるぞ！！パート２！！！！【ホロライブ/大空スバル】,https://i.ytimg.com/vi/-cSmli64VK8/mqdefault.jpg,241,302762,12286,98,2020-10-13
2020-10-13T11:11:42Z,haIPZgRCMSQ,UCvzGlP9oQwU--Y0r9id_jnA,Subaru Ch. 大空スバル,【#生スバル】しゅばしゅばしゅばしゅば！！！！！！！マイクラ【ホロライブ/大空スバル】,https://i.ytimg.com/vi/haIPZgRCMSQ/mqdefault.jpg,25,46963,2722,13,2020-10-13
2020-10-11T09:01:15Z,czdJAMqyABQ,UCvzGlP9oQwU--Y0r9id_jnA,Subaru Ch. 大空スバル,【初見実況】#6　ゼルダの伝説・風のタクトやる！！！！The Legend of Zelda: The Wind Waker【ホロライブ/大空スバル】,https://i.ytimg.com/vi/czdJAMqyABQ/mqdefault.jpg,126,121770,6136,38,2020-10-11
2020-10-09T15:49:04Z,ZkPTEZKkz3E,UCvzGlP9oQwU--Y0r9id_jnA,Subaru Ch. 大空スバル,【ホラゲー】INFLICTIONこわそう【ホロライブ/大空スバル】,https://i.ytimg.com/vi/ZkPTEZKkz3E/mqdefault.jpg,45,181856,9552,30,2020-10-09
2020-10-08T14:11:06Z,zoKEvUhVca0,UCvzGlP9oQwU--Y0r9id_jnA,Subaru Ch. 大空スバル,【#生スバル】大空建設の本拠地をつくるぞ！！【ホロライブ/大空スバル】,https://i.ytimg.com/vi/zoKEvUhVca0/mqdefault.jpg,59,178270,8675,47,2020-10-08
2020-10-06T15:20:42Z,iOHLC-WKUk0,UCvzGlP9oQwU--Y0r9id_jnA,Subaru Ch. 大空スバル,【 #生スバル 】2期生コラボたのしかったね雑談【ホロライブ/大空スバル】,https://i.ytimg.com/vi/iOHLC-WKUk0/mqdefault.jpg,72,139346,9588,31,2020-10-06
2020-10-04T13:05:52Z,rfn7z8BOYn4,UCvzGlP9oQwU--Y0r9id_jnA,Subaru Ch. 大空スバル,【#生スバル】RFA!!!最強負荷30で地獄をのぞいてみるすばる【ホロライブ/大空スバル】,https://i.ytimg.com/vi/rfn7z8BOYn4/mqdefault.jpg,87,120132,7870,33,2020-10-04
2020-10-04T09:20:30Z,MuLAU7p6Se4,UCvzGlP9oQwU--Y0r9id_jnA,Subaru Ch. 大空スバル,【初見実況】#5　ゼルダの伝説・風のタクトやる！！！！The Legend of Zelda: The Wind Waker【ホロライブ/大空スバル】,https://i.ytimg.com/vi/MuLAU7p6Se4/mqdefault.jpg,49,108994,5752,44,2020-10-04
2020-10-03T04:18:44Z,sofYlrHvWdQ,UCvzGlP9oQwU--Y0r9id_jnA,Subaru Ch. 大空スバル,【週末雑談】10/03  おあようスバル 【ホロライブ/大空スバル】,https://i.ytimg.com/vi/sofYlrHvWdQ/mqdefault.jpg,84,145615,9803,39,2020-10-03
2020-10-02T15:47:47Z,OtkXf-ktPew,UCvzGlP9oQwU--Y0r9id_jnA,Subaru Ch. 大空スバル,【Chapter３】Dark Deception ピエルステージRTA!!リベンジすばる【ホロライブ/大空スバル】,https://i.ytimg.com/vi/OtkXf-ktPew/mqdefault.jpg,43,57609,4894,15,2020-10-02
2020-09-29T15:16:51Z,qCFjIIdEMrU,UCvzGlP9oQwU--Y0r9id_jnA,Subaru Ch. 大空スバル,【#生スバル】おうた【ホロライブ/大空スバル】,https://i.ytimg.com/vi/qCFjIIdEMrU/mqdefault.jpg,161,160681,11311,44,2020-09-29
2020-09-28T15:36:19Z,gKHM5r2EWAE,UCvzGlP9oQwU--Y0r9id_jnA,Subaru Ch. 大空スバル,【 #生スバル 】第１回はじめてのポーション作りでしゅばしゅばすばる【ホロライブ/大空スバル】,https://i.ytimg.com/vi/gKHM5r2EWAE/mqdefault.jpg,87,220853,9741,54,2020-09-28
2020-09-27T08:46:39Z,NZFhRWoq_Yc,UCvzGlP9oQwU--Y0r9id_jnA,Subaru Ch. 大空スバル,【初見実況】#4.5　ゼルダの伝説・風のタクトやる！！！！The Legend of Zelda: The Wind Waker【ホロライブ/大空スバル】,https://i.ytimg.com/vi/NZFhRWoq_Yc/mqdefault.jpg,40,98495,5387,39,2020-09-27
2020-09-27T05:51:53Z,-yquNvFEy54,UCvzGlP9oQwU--Y0r9id_jnA,Subaru Ch. 大空スバル,【初見実況】#4 ゼルダの伝説・風のタクトやる！ジャブー様探し！！！！The Legend of Zelda: The Wind Waker【ホロライブ/大空スバル】,https://i.ytimg.com/vi/-yquNvFEy54/mqdefault.jpg,19,60058,3845,25,2020-09-27
2020-09-26T17:45:17Z,aWB-jC_b-Ag,UCvzGlP9oQwU--Y0r9id_jnA,Subaru Ch. 大空スバル,【 #生スバル 】TNTを作ってしゅばしゅばしたいすばる【MINECRAFT】,https://i.ytimg.com/vi/aWB-jC_b-Ag/mqdefault.jpg,63,151766,7427,31,2020-09-26
2020-09-26T08:34:16Z,zOBhKOFl-5Y,UCvzGlP9oQwU--Y0r9id_jnA,Subaru Ch. 大空スバル,【初見実況】#3 ゼルダの伝説・風のタクトやる！！ヤバい森にいく！！！The Legend of Zelda: The Wind Waker【ホロライブ/大空スバル】,https://i.ytimg.com/vi/zOBhKOFl-5Y/mqdefault.jpg,33,97844,5104,30,2020-09-26
2020-09-26T03:55:36Z,-N8WvjpU20Q,UCvzGlP9oQwU--Y0r9id_jnA,Subaru Ch. 大空スバル,【まったり雑談】9/26  おあようスバル 【ホロライブ/大空スバル】,https://i.ytimg.com/vi/-N8WvjpU20Q/mqdefault.jpg,77,122526,8173,31,2020-09-26
2020-09-24T13:52:56Z,KmcAK3fLZAE,UCvzGlP9oQwU--Y0r9id_jnA,Subaru Ch. 大空スバル,【 #生スバル 】トラップを作ってしゅばしゅばしたいすばる【MINECRAFT】,https://i.ytimg.com/vi/KmcAK3fLZAE/mqdefault.jpg,34,117472,6757,31,2020-09-24
2020-09-23T14:10:39Z,n731qqx3Cgw,UCvzGlP9oQwU--Y0r9id_jnA,Subaru Ch. 大空スバル,【 #生スバル 】ふぉーるがいずすばる【ホロライブ/大空スバル】,https://i.ytimg.com/vi/n731qqx3Cgw/mqdefault.jpg,59,94892,6970,36,2020-09-23
2020-09-22T02:57:39Z,vlugkj33H5g,UCvzGlP9oQwU--Y0r9id_jnA,Subaru Ch. 大空スバル,【MINECRAFT】ゆる雑談！ダイヤなどをまったりあつめるすばる【ホロラブ/大空スバル】,https://i.ytimg.com/vi/vlugkj33H5g/mqdefault.jpg,45,100503,6641,47,2020-09-22
2020-09-21T08:58:25Z,6ckYPirMSsI,UCvzGlP9oQwU--Y0r9id_jnA,Subaru Ch. 大空スバル,【初見実況】#２ゼルダの伝説・風のタクトやる！！！！The Legend of Zelda: The Wind Waker【ホロライブ/大空スバル】,https://i.ytimg.com/vi/6ckYPirMSsI/mqdefault.jpg,54,137175,6532,59,2020-09-21
2020-09-20T09:13:48Z,PQuPPOgpmJI,UCvzGlP9oQwU--Y0r9id_jnA,Subaru Ch. 大空スバル,【初見実況】ゼルダの伝説・風のタクトやる！！！！The Legend of Zelda: The Wind Waker【ホロライブ/大空スバル】,https://i.ytimg.com/vi/PQuPPOgpmJI/mqdefault.jpg,88,185254,7651,60,2020-09-20
2020-09-16T14:57:00Z,mDAcd8I-xgw,UCvzGlP9oQwU--Y0r9id_jnA,Subaru Ch. 大空スバル,【#大空スバル２周年】はなす【持つべきものは友】,https://i.ytimg.com/vi/mDAcd8I-xgw/mqdefault.jpg,272,156077,12316,40,2020-09-16
2020-09-14T13:22:47Z,XEj2gQcchGo,UCvzGlP9oQwU--Y0r9id_jnA,Subaru Ch. 大空スバル,【ホロ鯖】すばるのマイクラすーぱーつよつよ大作戦！！！その１！！！【復興】,https://i.ytimg.com/vi/XEj2gQcchGo/mqdefault.jpg,48,146622,7743,37,2020-09-14
2020-09-13T17:48:04Z,5H-8jvKZOLA,UCvzGlP9oQwU--Y0r9id_jnA,Subaru Ch. 大空スバル,【】はなす【ホロライブ/大空スバル】,https://i.ytimg.com/vi/5H-8jvKZOLA/mqdefault.jpg,88,150871,8359,22,2020-09-13
2020-09-12T02:18:39Z,92pRbco8wdM,UCvzGlP9oQwU--Y0r9id_jnA,Subaru Ch. 大空スバル,【まったり雑談】9/12  おあようスバル with ちょこ先生【ホロライブ/大空スバル】,https://i.ytimg.com/vi/92pRbco8wdM/mqdefault.jpg,65,129997,8271,30,2020-09-12
2020-09-10T17:26:19Z,zK5IGA4e7mc,UCvzGlP9oQwU--Y0r9id_jnA,Subaru Ch. 大空スバル,【ホロ鯖】マイクラ建築るすばる2【復興】,https://i.ytimg.com/vi/zK5IGA4e7mc/mqdefault.jpg,52,152157,8126,40,2020-09-10
2020-09-09T14:09:37Z,aJKpWSKdv3A,UCvzGlP9oQwU--Y0r9id_jnA,Subaru Ch. 大空スバル,【最終回】INSIDE【ホロライブ/大空スバル】,https://i.ytimg.com/vi/aJKpWSKdv3A/mqdefault.jpg,73,98916,6142,33,2020-09-09
2020-09-08T15:21:48Z,C6WTR7KpbpI,UCvzGlP9oQwU--Y0r9id_jnA,Subaru Ch. 大空スバル,【ホラゲー？】INSIDE【ホロライブ/大空スバル】,https://i.ytimg.com/vi/C6WTR7KpbpI/mqdefault.jpg,44,76855,4880,18,2020-09-08
2020-09-05T17:41:33Z,qvfXxbkNa9Y,UCvzGlP9oQwU--Y0r9id_jnA,Subaru Ch. 大空スバル,【ホロ鯖ARK】ティタノテイム！！！！！【ホロライブ/大空スバル】,https://i.ytimg.com/vi/qvfXxbkNa9Y/mqdefault.jpg,90,150034,6741,29,2020-09-05
2020-09-05T08:59:43Z,ZupcIawbO-Q,UCvzGlP9oQwU--Y0r9id_jnA,Subaru Ch. 大空スバル,【ホロ鯖ARK】ティタノ準備【ホロライブ/大空スバル】,https://i.ytimg.com/vi/ZupcIawbO-Q/mqdefault.jpg,28,97741,5082,24,2020-09-05
2020-09-04T12:10:40Z,k9YpEb-yOb8,UCvzGlP9oQwU--Y0r9id_jnA,Subaru Ch. 大空スバル,【圧倒的強さ】マリオカート8DX！！すーぱー稲妻すばる杯マリカ！！！【ホロライブ/大空スバル】,https://i.ytimg.com/vi/k9YpEb-yOb8/mqdefault.jpg,27,57277,3883,27,2020-09-04
2020-09-03T14:51:02Z,zrkgOjhFn9Q,UCvzGlP9oQwU--Y0r9id_jnA,Subaru Ch. 大空スバル,【かかってこいや】1位をとるすばる【ホロライブ/大空スバル】,https://i.ytimg.com/vi/zrkgOjhFn9Q/mqdefault.jpg,67,97129,6644,35,2020-09-03
2020-09-02T18:11:08Z,Gi8PlCytuWQ,UCvzGlP9oQwU--Y0r9id_jnA,Subaru Ch. 大空スバル,【ホロ鯖】マイクラ建築るすばる【復興】,https://i.ytimg.com/vi/Gi8PlCytuWQ/mqdefault.jpg,68,150086,7626,43,2020-09-02
2020-09-02T12:48:36Z,Hr550c2DcrQ,UCvzGlP9oQwU--Y0r9id_jnA,Subaru Ch. 大空スバル,【Dark Deception】アヒルステージを30分で攻略しピエロとタイマンはるすばる！！！【ホロライブ/大空スバル】,https://i.ytimg.com/vi/Hr550c2DcrQ/mqdefault.jpg,59,88430,5345,18,2020-09-02
2020-08-30T07:38:15Z,BqfNwHhOFMk,UCvzGlP9oQwU--Y0r9id_jnA,Subaru Ch. 大空スバル,【ホロ鯖】あやスバホロ鯖新拠点探しマイクラ【復興】,https://i.ytimg.com/vi/BqfNwHhOFMk/mqdefault.jpg,84,241790,11575,74,2020-08-30
2020-08-29T14:49:32Z,kvXLvllXero,UCvzGlP9oQwU--Y0r9id_jnA,Subaru Ch. 大空スバル,【初見実況】スーパーマリオサンシャイン☼スバル１【ホロライブ/大空スバル】,https://i.ytimg.com/vi/kvXLvllXero/mqdefault.jpg,50,74810,4218,26,2020-08-29
2020-08-29T03:21:44Z,SkFXpefqqtg,UCvzGlP9oQwU--Y0r9id_jnA,Subaru Ch. 大空スバル,【まったり雑談】8/29  おあようスバル【ホロライブ/大空スバル】,https://i.ytimg.com/vi/SkFXpefqqtg/mqdefault.jpg,45,125299,7609,30,2020-08-29
2020-08-28T13:06:07Z,BRnvHFwJc7E,UCvzGlP9oQwU--Y0r9id_jnA,Subaru Ch. 大空スバル,【恐怖！】本当にあった怖い黒歴史2020【ホロライブ/大空スバル】,https://i.ytimg.com/vi/BRnvHFwJc7E/mqdefault.jpg,80,150008,7439,40,2020-08-28
2020-08-27T12:44:08Z,zxnb5ua2Q1I,UCvzGlP9oQwU--Y0r9id_jnA,Subaru Ch. 大空スバル,【雑談】1人暮らしってYABEEEEEEEEEEEEEEEEEEEEEE【ホロライブ/大空スバル】,https://i.ytimg.com/vi/zxnb5ua2Q1I/mqdefault.jpg,88,160458,7282,25,2020-08-27
2020-08-23T13:58:42Z,5SZfqFFt8lY,UCvzGlP9oQwU--Y0r9id_jnA,Subaru Ch. 大空スバル,【うた】DEATH【ホロライブ/大空スバル】,https://i.ytimg.com/vi/5SZfqFFt8lY/mqdefault.jpg,188,150058,9646,25,2020-08-23
2020-08-23T09:38:01Z,gp6lG3zaBis,UCvzGlP9oQwU--Y0r9id_jnA,Subaru Ch. 大空スバル,【初見実況】ピクミンすばる４【ホロライブ/大空スバル】,https://i.ytimg.com/vi/gp6lG3zaBis/mqdefault.jpg,59,142007,5959,69,2020-08-23
2020-08-22T03:13:34Z,G_i0mD3l0r4,UCvzGlP9oQwU--Y0r9id_jnA,Subaru Ch. 大空スバル,【まったり雑談】8/21  おあようスバル【ホロライブ/大空スバル】,https://i.ytimg.com/vi/G_i0mD3l0r4/mqdefault.jpg,39,112864,7000,22,2020-08-22
2020-08-21T14:47:21Z,eGulJ9Qouao,UCvzGlP9oQwU--Y0r9id_jnA,Subaru Ch. 大空スバル,【まったり雑談】おやすみスバル（仮）【投稿は概要欄から！】,https://i.ytimg.com/vi/eGulJ9Qouao/mqdefault.jpg,43,89571,6360,25,2020-08-21
2020-08-20T14:53:27Z,gWzzJhYEhz8,UCvzGlP9oQwU--Y0r9id_jnA,Subaru Ch. 大空スバル,【かかってこいや】1位取れない鳥はただの🦆！fall guys すばる【ホロライブ/大空スバル】,https://i.ytimg.com/vi/gWzzJhYEhz8/mqdefault.jpg,66,107441,6372,33,2020-08-20
2020-08-20T12:08:34Z,DGNFcG2ay3Y,UCvzGlP9oQwU--Y0r9id_jnA,Subaru Ch. 大空スバル,【初見実況】ピクミンすばる３【ホロライブ/大空スバル】,https://i.ytimg.com/vi/DGNFcG2ay3Y/mqdefault.jpg,45,90233,4446,36,2020-08-20
2020-08-19T15:09:07Z,m8UYEgrDaJw,UCvzGlP9oQwU--Y0r9id_jnA,Subaru Ch. 大空スバル,【ホロ鯖ARK】モンボ作り2日目！！【ホロライブ/大空スバル】,https://i.ytimg.com/vi/m8UYEgrDaJw/mqdefault.jpg,34,75880,4840,28,2020-08-19
2020-08-16T09:16:27Z,U_jXcPc0wnY,UCvzGlP9oQwU--Y0r9id_jnA,Subaru Ch. 大空スバル,【初見実況】ピクミンすばる２【ホロライブ/大空スバル】,https://i.ytimg.com/vi/U_jXcPc0wnY/mqdefault.jpg,67,147066,5607,48,2020-08-16
2020-08-15T12:02:35Z,gxTEEv_iY6w,UCvzGlP9oQwU--Y0r9id_jnA,Subaru Ch. 大空スバル,【初見実況】ピクミンすばる【ホロライブ/大空スバル】,https://i.ytimg.com/vi/gxTEEv_iY6w/mqdefault.jpg,90,132537,5191,47,2020-08-15
2020-08-15T03:12:51Z,86cmQAjOAcI,UCvzGlP9oQwU--Y0r9id_jnA,Subaru Ch. 大空スバル,【まったり雑談】8/15  おあようスバル【ホロライブ/大空スバル】,https://i.ytimg.com/vi/86cmQAjOAcI/mqdefault.jpg,60,117827,6785,34,2020-08-15
2020-08-14T15:37:11Z,S1xpYQolEcw,UCvzGlP9oQwU--Y0r9id_jnA,Subaru Ch. 大空スバル,【かかってこいや】fall guys すばる【ホロライブ/大空スバル】,https://i.ytimg.com/vi/S1xpYQolEcw/mqdefault.jpg,140,165021,9677,63,2020-08-14
2020-08-13T15:11:29Z,oL2roCXTwIQ,UCvzGlP9oQwU--Y0r9id_jnA,Subaru Ch. 大空スバル,【ホロ鯖ARK】モンボ作り1日目！！セメント収集の巻！！！【ホロライブ/大空スバル】,https://i.ytimg.com/vi/oL2roCXTwIQ/mqdefault.jpg,26,80447,4724,45,2020-08-13
2020-08-12T15:01:19Z,Nqjuz5KW42M,UCvzGlP9oQwU--Y0r9id_jnA,Subaru Ch. 大空スバル,【Dark Deception】庭師を今日こそクリアするすばる【地獄の3面】,https://i.ytimg.com/vi/Nqjuz5KW42M/mqdefault.jpg,85,112138,6502,25,2020-08-12
2020-08-10T16:14:05Z,LdCaj6upIkw,UCvzGlP9oQwU--Y0r9id_jnA,Subaru Ch. 大空スバル,【ホロ鯖ARK】アキ先輩と恐竜戦闘訓練する！！！！！！！【ホロライブ/大空スバル視点】,https://i.ytimg.com/vi/LdCaj6upIkw/mqdefault.jpg,39,92001,5011,23,2020-08-10
2020-08-10T08:40:50Z,Jiak2fgPtFY,UCvzGlP9oQwU--Y0r9id_jnA,Subaru Ch. 大空スバル,【ホラゲー】都市伝説を暴くすばる！！！！！最終話！！！！【流行り神警視庁怪異事件ファイル】,https://i.ytimg.com/vi/Jiak2fgPtFY/mqdefault.jpg,48,104390,5025,34,2020-08-10
2020-08-09T15:06:53Z,urRlD3Ahpfc,UCvzGlP9oQwU--Y0r9id_jnA,Subaru Ch. 大空スバル,【 #ホロワードウルフ 】ホロライブワードウルフ！！！【やる！！！】,https://i.ytimg.com/vi/urRlD3Ahpfc/mqdefault.jpg,313,400324,14938,156,2020-08-09
2020-08-08T03:21:01Z,qUGFieucenY,UCvzGlP9oQwU--Y0r9id_jnA,Subaru Ch. 大空スバル,【まったり雑談】8/8  おあようスバル【ホロライブ/大空スバル】,https://i.ytimg.com/vi/qUGFieucenY/mqdefault.jpg,44,120030,7212,33,2020-08-08
2020-08-06T12:10:26Z,FKFsPlZWl4s,UCvzGlP9oQwU--Y0r9id_jnA,Subaru Ch. 大空スバル,【#100均ホロライブ】メンバーの私物を見抜け！！！！100均ホロライブ！！！【第二弾】,https://i.ytimg.com/vi/FKFsPlZWl4s/mqdefault.jpg,116,254701,12115,86,2020-08-06
2020-08-03T14:01:38Z,m3vzhh7lNiI,UCvzGlP9oQwU--Y0r9id_jnA,Subaru Ch. 大空スバル,【ホラゲー】だーくでぃせぷしょんすばる　STAGE3【ホロライブ/大空スバル】,https://i.ytimg.com/vi/m3vzhh7lNiI/mqdefault.jpg,48,104518,5180,23,2020-08-03
2020-08-02T11:27:07Z,TxN_7Uyr6Bc,UCvzGlP9oQwU--Y0r9id_jnA,Subaru Ch. 大空スバル,【ホラゲー】都市伝説を暴くすばる！！！！！「鬼」編！！！！【流行り神警視庁怪異事件ファイル】,https://i.ytimg.com/vi/TxN_7Uyr6Bc/mqdefault.jpg,68,136414,5425,50,2020-08-02
2020-08-01T03:02:40Z,fxa-s5M9u1c,UCvzGlP9oQwU--Y0r9id_jnA,Subaru Ch. 大空スバル,【まったり雑談】8/1  おあようスバル【ホロライブ/大空スバル】,https://i.ytimg.com/vi/fxa-s5M9u1c/mqdefault.jpg,54,50950,3963,29,2020-08-01
2020-07-31T13:14:32Z,1enadukImzU,UCvzGlP9oQwU--Y0r9id_jnA,Subaru Ch. 大空スバル,【Half-Life2】ガバエイムでもエイリアンに勝ちたいすばる！！！【ホロライブ/大空スバル】,https://i.ytimg.com/vi/1enadukImzU/mqdefault.jpg,130,39371,3352,24,2020-07-31
2020-07-30T12:08:39Z,cvBYDNkElPE,UCvzGlP9oQwU--Y0r9id_jnA,Subaru Ch. 大空スバル,【ホラゲー】都市伝説を暴くすばる！！！！！！！！！【流行り神警視庁怪異事件ファイル】,https://i.ytimg.com/vi/cvBYDNkElPE/mqdefault.jpg,143,155332,6345,261,2020-07-30
2020-07-29T11:47:59Z,Hl2Z74Nrijg,UCvzGlP9oQwU--Y0r9id_jnA,Subaru Ch. 大空スバル,【ホロ鯖】目指せ初のカワウソテイム！！！！！！！【ホロライブ】,https://i.ytimg.com/vi/Hl2Z74Nrijg/mqdefault.jpg,49,115844,5066,37,2020-07-29
2020-07-27T12:22:23Z,u6eskcH_XWA,UCvzGlP9oQwU--Y0r9id_jnA,Subaru Ch. 大空スバル,【Slither.io】みみずすばる【ホロライブ/大空スバル】,https://i.ytimg.com/vi/u6eskcH_XWA/mqdefault.jpg,71,67677,3662,12,2020-07-27
2020-07-25T03:01:47Z,1OrAf8Be59I,UCvzGlP9oQwU--Y0r9id_jnA,Subaru Ch. 大空スバル,【まったり雑談】07/25  おあようスバル【ホロライブ/大空スバル】,https://i.ytimg.com/vi/1OrAf8Be59I/mqdefault.jpg,61,112849,6559,29,2020-07-25
2020-07-24T12:41:02Z,0U5yFRYj1dE,UCvzGlP9oQwU--Y0r9id_jnA,Subaru Ch. 大空スバル,【ホラゲー】だーくでぃせぷしょんすばる【ホロライブ/大空スバル】,https://i.ytimg.com/vi/0U5yFRYj1dE/mqdefault.jpg,117,134652,5753,30,2020-07-24
2020-07-23T13:41:27Z,RJz-6qEHTPU,UCvzGlP9oQwU--Y0r9id_jnA,Subaru Ch. 大空スバル,【ホロ鯖】湾岸橋建築する！！原油も探す！！！！！【ホロライブ/大空スバル】,https://i.ytimg.com/vi/RJz-6qEHTPU/mqdefault.jpg,70,93213,4608,38,2020-07-23
2020-07-22T15:02:54Z,nObC4TiZV2A,UCvzGlP9oQwU--Y0r9id_jnA,Subaru Ch. 大空スバル,【DM雑談】テーマ：推しに対してテンション上がりまくった話【ホロライブ/大空スバル】,https://i.ytimg.com/vi/nObC4TiZV2A/mqdefault.jpg,26,63024,3836,28,2020-07-22
2020-07-19T11:02:27Z,aeE04GlIHFg,UCvzGlP9oQwU--Y0r9id_jnA,Subaru Ch. 大空スバル,【初見実況#最終回】アサシンクリード4！！！やる！！！！！【ホロライブ/大空スバル】,https://i.ytimg.com/vi/aeE04GlIHFg/mqdefault.jpg,63,54364,3388,22,2020-07-19
2020-07-18T06:48:28Z,eDNZ5vb9CwU,UCvzGlP9oQwU--Y0r9id_jnA,Subaru Ch. 大空スバル,【初見実況#７】アサシンクリード4！！！やる！！！！！【ホロライブ/大空スバル】,https://i.ytimg.com/vi/eDNZ5vb9CwU/mqdefault.jpg,31,36974,2696,17,2020-07-18
2020-07-18T03:03:56Z,jzO5fGXCboQ,UCvzGlP9oQwU--Y0r9id_jnA,Subaru Ch. 大空スバル,【まったり雑談】07/17  おあようスバル【ホロライブ/大空スバル】,https://i.ytimg.com/vi/jzO5fGXCboQ/mqdefault.jpg,46,78620,4864,23,2020-07-18
2020-07-17T13:10:53Z,2Nckiit-KL8,UCvzGlP9oQwU--Y0r9id_jnA,Subaru Ch. 大空スバル,【神ゲー】第六回ソセレ大会！！！！！まとめてかかってこいや！！！！【ホロライブ/大空スバル】,https://i.ytimg.com/vi/2Nckiit-KL8/mqdefault.jpg,98,179571,6272,39,2020-07-17
2020-07-16T13:42:00Z,c9LR0w0A2M8,UCvzGlP9oQwU--Y0r9id_jnA,Subaru Ch. 大空スバル,【ホロ鯖】橋建築の為の！！！！！！ソロトリケラトプステイム！！！！！【ホロライブ/大空スバル】,https://i.ytimg.com/vi/c9LR0w0A2M8/mqdefault.jpg,35,70422,3943,39,2020-07-16
2020-07-15T14:35:52Z,3bbRdHvB43A,UCvzGlP9oQwU--Y0r9id_jnA,Subaru Ch. 大空スバル,【Cities Skyline】スバル市長！！街につくるよ「羅生門」！！！！！【ホロライブ/大空スバル】,https://i.ytimg.com/vi/3bbRdHvB43A/mqdefault.jpg,30,59238,3298,17,2020-07-15
2020-07-12T14:13:37Z,Lk47ccdfZ34,UCvzGlP9oQwU--Y0r9id_jnA,Subaru Ch. 大空スバル,【ホラゲー】🥺🥺🥺🥺PI🥺🥺🥺🥺E🥺🥺🥺🥺N🥺🥺🥺🥺【ホロライブ/大空スバル】,https://i.ytimg.com/vi/Lk47ccdfZ34/mqdefault.jpg,99,99660,5633,19,2020-07-12
2020-07-12T07:53:58Z,Om7gt-53kls,UCvzGlP9oQwU--Y0r9id_jnA,Subaru Ch. 大空スバル,【初見実況#６】アサシンクリード4！！！やる！！！！！【ホロライブ/大空スバル】,https://i.ytimg.com/vi/Om7gt-53kls/mqdefault.jpg,37,33267,2428,12,2020-07-12
2020-07-11T07:17:55Z,3bOlvSFrLnQ,UCvzGlP9oQwU--Y0r9id_jnA,Subaru Ch. 大空スバル,【初見実況#５】アサシンクリード4！！！やる！！！！！【ホロライブ/大空スバル】,https://i.ytimg.com/vi/3bOlvSFrLnQ/mqdefault.jpg,41,38533,2392,14,2020-07-11
2020-07-11T02:58:51Z,ALccXArqFgw,UCvzGlP9oQwU--Y0r9id_jnA,Subaru Ch. 大空スバル,【まったり雑談】07/11  おあようスバル【ホロライブ/大空スバル】,https://i.ytimg.com/vi/ALccXArqFgw/mqdefault.jpg,41,83863,4213,19,2020-07-11
2020-07-09T13:21:42Z,xoM3nc6wP_Y,UCvzGlP9oQwU--Y0r9id_jnA,Subaru Ch. 大空スバル,【ホロ鯖】ホロ鯖ARK！！！かかってこいや亀！！！！！！【ホロライブ/大空スバル】,https://i.ytimg.com/vi/xoM3nc6wP_Y/mqdefault.jpg,35,88041,3644,49,2020-07-09
2020-07-08T13:10:00Z,ZG86bIdRGrQ,UCvzGlP9oQwU--Y0r9id_jnA,Subaru Ch. 大空スバル,【たのじみ！！】プレゼントをあける会【ホロライブ/大空スバル】,https://i.ytimg.com/vi/ZG86bIdRGrQ/mqdefault.jpg,38,85081,4412,12,2020-07-08
2020-07-05T16:22:40Z,LsfdQaQk-C0,UCvzGlP9oQwU--Y0r9id_jnA,Subaru Ch. 大空スバル,【ホロ鯖】初心者です優しくしてくださいARK【ホロライブ/大空スバル】,https://i.ytimg.com/vi/LsfdQaQk-C0/mqdefault.jpg,47,105446,4515,28,2020-07-05
2020-07-05T08:19:21Z,4yVUd5HOujM,UCvzGlP9oQwU--Y0r9id_jnA,Subaru Ch. 大空スバル,【初見実況#４】アサシンクリード4！！！やる！！！！！【ホロライブ/大空スバル】,https://i.ytimg.com/vi/4yVUd5HOujM/mqdefault.jpg,43,47318,2871,13,2020-07-05
2020-07-02T12:18:24Z,ODT0DOpfU-0,UCvzGlP9oQwU--Y0r9id_jnA,Subaru Ch. 大空スバル,【 #大空スバル誕生日 】第一回大空スバル印象調査会【17.2さい！】,https://i.ytimg.com/vi/ODT0DOpfU-0/mqdefault.jpg,201,248861,12910,138,2020-07-02
2020-07-01T16:47:18Z,ljPIJJ9Y09U,UCvzGlP9oQwU--Y0r9id_jnA,Subaru Ch. 大空スバル,【おはなし】生誕祭前の雑談&amp;振り返り放送【ホロライブ/大空スバル】,https://i.ytimg.com/vi/ljPIJJ9Y09U/mqdefault.jpg,41,71640,4093,15,2020-07-01
2020-06-30T16:42:43Z,X6uHxzwMTnU,UCvzGlP9oQwU--Y0r9id_jnA,Subaru Ch. 大空スバル,【Citiies Skyline】スバル市長！！関所で経済を立て直すッス！！！！！！【ホロライブ/大空スバル】,https://i.ytimg.com/vi/X6uHxzwMTnU/mqdefault.jpg,24,86479,3757,23,2020-06-30
2020-06-28T13:38:25Z,yU1l7Ek9eZk,UCvzGlP9oQwU--Y0r9id_jnA,Subaru Ch. 大空スバル,【視聴者参加型】第二回！IQ５憶のスバルと学力バトルッス！！！！【クイズバトルオンライン】,https://i.ytimg.com/vi/yU1l7Ek9eZk/mqdefault.jpg,37,88060,3282,30,2020-06-28
2020-06-28T10:07:11Z,HpmNOPEWFCI,UCvzGlP9oQwU--Y0r9id_jnA,Subaru Ch. 大空スバル,【初見実況#３】アサシンクリード4！！！やる！！！！！【ホロライブ/大空スバル】,https://i.ytimg.com/vi/HpmNOPEWFCI/mqdefault.jpg,80,64581,3234,15,2020-06-28
2020-06-27T02:27:08Z,Z3sPjFphtAk,UCvzGlP9oQwU--Y0r9id_jnA,Subaru Ch. 大空スバル,【まったり雑談】06/27  おあようスバル【ホロライブ/大空スバル】,https://i.ytimg.com/vi/Z3sPjFphtAk/mqdefault.jpg,32,80119,4043,10,2020-06-27
2020-06-26T13:30:04Z,t-Y-UnC2HQo,UCvzGlP9oQwU--Y0r9id_jnA,Subaru Ch. 大空スバル,【うたみた】恋の魔法【ホロライブ/大空スバル】,https://i.ytimg.com/vi/t-Y-UnC2HQo/mqdefault.jpg,4087,3570495,105260,353,2020-06-26
2020-06-24T14:09:21Z,QvaYA-6BvJw,UCvzGlP9oQwU--Y0r9id_jnA,Subaru Ch. 大空スバル,【初見実況#２】アサシンクリード4！！！やる！！！！！！！！！！【ホロライブ/大空スバル】,https://i.ytimg.com/vi/QvaYA-6BvJw/mqdefault.jpg,89,60244,3212,26,2020-06-24
2020-06-23T13:06:55Z,56e4tcsyHlI,UCvzGlP9oQwU--Y0r9id_jnA,Subaru Ch. 大空スバル,【アｱｱｱｱｱｱｱｱｱｱ】うたう【ホロライブ/大空スバル】,https://i.ytimg.com/vi/56e4tcsyHlI/mqdefault.jpg,163,160811,8020,26,2020-06-23
2020-06-20T14:32:56Z,xxBVoLB6eMA,UCvzGlP9oQwU--Y0r9id_jnA,Subaru Ch. 大空スバル,【 #ホロライブFAMS 】嘘を真実に変えろ！エイプリルフールゲーム【嘘つき人狼】,https://i.ytimg.com/vi/xxBVoLB6eMA/mqdefault.jpg,87,289953,10309,93,2020-06-20
2020-06-20T04:09:35Z,BNNUSaKxQZc,UCvzGlP9oQwU--Y0r9id_jnA,Subaru Ch. 大空スバル,【まったり雑談】06/20  おあようスバル【ホロライブ/大空スバル】,https://i.ytimg.com/vi/BNNUSaKxQZc/mqdefault.jpg,54,149458,7928,107,2020-06-20
2020-06-19T12:35:23Z,DK_JVq6qXTk,UCvzGlP9oQwU--Y0r9id_jnA,Subaru Ch. 大空スバル,【Citiies Skyline】スバル市長！！ホロライブシティ作るッス！！！！！！【ホロライブ/大空スバル】,https://i.ytimg.com/vi/DK_JVq6qXTk/mqdefault.jpg,56,93721,3905,42,2020-06-19
2020-06-18T13:57:42Z,m_7wMJfMKiQ,UCvzGlP9oQwU--Y0r9id_jnA,Subaru Ch. 大空スバル,【雑談】スバルの１番の闇期、小学校時代のぞいてく？？？？【ホロライブ/大空スバル】,https://i.ytimg.com/vi/m_7wMJfMKiQ/mqdefault.jpg,84,104460,4320,25,2020-06-18
2020-06-13T11:16:06Z,kVnUHnz8mcc,UCvzGlP9oQwU--Y0r9id_jnA,Subaru Ch. 大空スバル,【 #WWhololive 】ワールドワイドホロライブ！！国際交流するッス！！！【日本語放送】,https://i.ytimg.com/vi/kVnUHnz8mcc/mqdefault.jpg,329,261347,12804,216,2020-06-13
2020-06-13T03:15:16Z,Qa6NQVmTPt0,UCvzGlP9oQwU--Y0r9id_jnA,Subaru Ch. 大空スバル,【まったり雑談】06/13  おあようスバル【ホロライブ/大空スバル】,https://i.ytimg.com/vi/Qa6NQVmTPt0/mqdefault.jpg,93,110128,4974,72,2020-06-13
2020-06-12T14:15:08Z,zs47h3uXbYg,UCvzGlP9oQwU--Y0r9id_jnA,Subaru Ch. 大空スバル,【 #100均ホロライブ 】メンバーの私物を見抜け！！！！100均ホロライブ！！！【yhea!!】,https://i.ytimg.com/vi/zs47h3uXbYg/mqdefault.jpg,134,353364,10533,142,2020-06-12
2020-06-11T15:26:45Z,wXxrf7NOzmA,UCvzGlP9oQwU--Y0r9id_jnA,Subaru Ch. 大空スバル,【 #ホロワードウルフ 】ワードウルフホロライブ！！！！！！【勝！！！！！】,https://i.ytimg.com/vi/wXxrf7NOzmA/mqdefault.jpg,372,703813,17131,222,2020-06-11
2020-06-10T11:24:51Z,ksrSUoMrQBg,UCvzGlP9oQwU--Y0r9id_jnA,Subaru Ch. 大空スバル,【雑談】家族のおもしろエピソード雑談！！！【ホロライブ/大空スバル】,https://i.ytimg.com/vi/ksrSUoMrQBg/mqdefault.jpg,47,83288,3952,62,2020-06-10
2020-06-06T02:59:33Z,bmwV1JGEGMU,UCvzGlP9oQwU--Y0r9id_jnA,Subaru Ch. 大空スバル,【まったり雑談】06/06  おはようスバル【ホロライブ/大空スバル】,https://i.ytimg.com/vi/bmwV1JGEGMU/mqdefault.jpg,138,105909,4587,323,2020-06-06
2020-06-05T14:46:39Z,Teyrh2YgkMc,UCvzGlP9oQwU--Y0r9id_jnA,Subaru Ch. 大空スバル,【これが】ホロライブVtuberのリアルな1日レポート！？大空スバルの場合【リアルだ】,https://i.ytimg.com/vi/Teyrh2YgkMc/mqdefault.jpg,459,162768,6354,1436,2020-06-05
2020-06-04T13:30:07Z,p7MHDoDgNJE,UCvzGlP9oQwU--Y0r9id_jnA,Subaru Ch. 大空スバル,【初体験レポ】他称陽キャが人生初ソロでアニメイトに行った結果【ホロライブ/大空スバル】,https://i.ytimg.com/vi/p7MHDoDgNJE/mqdefault.jpg,70,156010,6001,79,2020-06-04
2020-06-03T12:40:48Z,cU3-w6Mlbu4,UCvzGlP9oQwU--Y0r9id_jnA,Subaru Ch. 大空スバル,【DM雑談】あなたの推し布教の仕方教えてください！！【ホロライブ/大空スバル】,https://i.ytimg.com/vi/cU3-w6Mlbu4/mqdefault.jpg,38,77871,3231,31,2020-06-03
2020-05-31T15:03:02Z,ThtcrBgB4KY,UCvzGlP9oQwU--Y0r9id_jnA,Subaru Ch. 大空スバル,【初見実況#7】3ルート目！！ニーアオートマタ：NieR:Automata【ホロライブ/大空スバル】,https://i.ytimg.com/vi/ThtcrBgB4KY/mqdefault.jpg,176,332859,8078,155,2020-05-31
2020-05-30T11:30:28Z,_9wjzXgUNZg,UCvzGlP9oQwU--Y0r9id_jnA,Subaru Ch. 大空スバル,【初見実況#6】2ルート目！！ニーアオートマタ：NieR:Automata【ホロライブ/大空スバル】,https://i.ytimg.com/vi/_9wjzXgUNZg/mqdefault.jpg,55,155094,3966,48,2020-05-30
2020-05-27T14:31:17Z,CilmeyFFZVg,UCvzGlP9oQwU--Y0r9id_jnA,Subaru Ch. 大空スバル,【初見実況#5】2ルート目！！ニーアオートマタ【ホロライブ/大空スバル】,https://i.ytimg.com/vi/CilmeyFFZVg/mqdefault.jpg,22,89376,2772,24,2020-05-27
2020-05-24T13:10:27Z,wDw_Jh7COUM,UCvzGlP9oQwU--Y0r9id_jnA,Subaru Ch. 大空スバル,【初見実況#４】2ルート目！！ニーアオートマタ【ホロライブ/大空スバル】,https://i.ytimg.com/vi/wDw_Jh7COUM/mqdefault.jpg,37,124025,3170,37,2020-05-24
2020-05-23T11:34:04Z,bv18ednRKsk,UCvzGlP9oQwU--Y0r9id_jnA,Subaru Ch. 大空スバル,【初見実況#3】ニーアオートマタ【ホロライブ/大空スバル】,https://i.ytimg.com/vi/bv18ednRKsk/mqdefault.jpg,78,161285,4164,62,2020-05-23
2020-05-10T13:46:49Z,5yj-K9ybHBQ,UCvzGlP9oQwU--Y0r9id_jnA,Subaru Ch. 大空スバル,【祝四周年】視聴者参加ソーセージレジェンド大会！！【ホロライブ/大空スバル】,https://i.ytimg.com/vi/5yj-K9ybHBQ/mqdefault.jpg,109,117031,3737,37,2020-05-10
2020-04-30T13:15:04Z,PG9Htrxb1i4,UCvzGlP9oQwU--Y0r9id_jnA,Subaru Ch. 大空スバル,【ホラゲー】steam評価🌟10？！MadFatherする！！1日目【ホロライブ/大空スバル】,https://i.ytimg.com/vi/PG9Htrxb1i4/mqdefault.jpg,28,57045,2286,14,2020-04-30
2020-04-02T11:37:57Z,j7pscvBhPWc,UCvzGlP9oQwU--Y0r9id_jnA,Subaru Ch. 大空スバル,【視聴者参加型】大空家テトリス大会練習日記！！プレイ時間20時間目【ガチ練枠】,https://i.ytimg.com/vi/j7pscvBhPWc/mqdefault.jpg,18,34083,1292,10,2020-04-02
2020-03-31T14:14:23Z,7X2l2X3UtWE,UCvzGlP9oQwU--Y0r9id_jnA,Subaru Ch. 大空スバル,【視聴者参加型】あつ森のスバルの家を0から視聴者がコーディネートする企画【アイドルの部屋公開】,https://i.ytimg.com/vi/7X2l2X3UtWE/mqdefault.jpg,33,48122,1921,12,2020-03-31
2020-02-06T16:42:40Z,MndFEme2vlM,UCvzGlP9oQwU--Y0r9id_jnA,Subaru Ch. 大空スバル,【ARK】最早なんでもいいからテイムしたいスバルさま【ホロ鯖】,https://i.ytimg.com/vi/MndFEme2vlM/mqdefault.jpg,21,74418,2503,31,2020-02-06
2020-02-06T14:35:02Z,8iXGFVfKYgc,UCvzGlP9oQwU--Y0r9id_jnA,Subaru Ch. 大空スバル,【UNDERTALE】Pルートで号泣するだけのスバル 【初見Pルート攻略】,https://i.ytimg.com/vi/8iXGFVfKYgc/mqdefault.jpg,147,216842,4945,79,2020-02-06
2020-01-31T16:33:18Z,tUD46kVJH58,UCvzGlP9oQwU--Y0r9id_jnA,Subaru Ch. 大空スバル,【初心者🔰】ティラノサウルスの神になる！！！！！【ARK】,https://i.ytimg.com/vi/tUD46kVJH58/mqdefault.jpg,29,65694,2388,21,2020-01-31
2020-01-29T15:37:03Z,I4wouNP9EC8,UCvzGlP9oQwU--Y0r9id_jnA,Subaru Ch. 大空スバル,【体験】コスプレカフェに母ちゃんと行ったら軍人に根性叩き直されたの巻【 レポート】,https://i.ytimg.com/vi/I4wouNP9EC8/mqdefault.jpg,66,101958,3397,9,2020-01-29
2020-01-18T13:00:09Z,qrZtEACCwIU,UCvzGlP9oQwU--Y0r9id_jnA,Subaru Ch. 大空スバル,【ガチ恋】どぅーまいべすと！歌ってみた！【ぢろ】,https://i.ytimg.com/vi/qrZtEACCwIU/mqdefault.jpg,4309,3439103,98393,412,2020-01-18
